CustomerID,Total_Spent,Avg_Order_Value,Total_Orders,First_Purchase,Last_Purchase,Unique_Invoices
10001,14733.6,866.68,17,2023-01-14,2023-12-16,17
10002,5958.39,350.49,17,2023-01-25,2023-11-18,17
10003,9133.31,570.83,16,2023-01-03,2023-12-28,16
10004,13490.72,843.17,16,2023-03-01,2023-11-23,16
10005,7567.38,582.11,13,2023-01-04,2023-12-07,13
10006,5590.68,508.24,11,2023-01-26,2023-10-30,11
10007,5414.56,416.5,13,2023-03-27,2023-11-23,13
10008,8032.94,669.41,12,2023-01-08,2023-12-24,12
10009,7272.83,427.81,17,2023-01-21,2023-12-06,17
10010,9189.9,656.42,14,2023-01-26,2023-12-26,14
10011,12448.32,829.89,15,2023-01-08,2023-12-30,15
10012,4830.39,371.57,13,2023-01-07,2023-12-07,13
10013,4261.41,304.39,14,2023-02-05,2023-12-24,14
10014,3000.66,500.11,6,2023-08-09,2023-12-24,6
10015,5594.13,329.07,17,2023-01-18,2023-12-26,17
10016,3786.41,252.43,15,2023-02-19,2023-12-29,15
10017,5950.77,540.98,11,2023-01-08,2023-12-04,11
10018,5564.0,505.82,11,2023-02-01,2023-12-23,11
10019,8414.81,601.06,14,2023-01-03,2023-12-16,14
10020,8623.28,663.33,13,2023-01-05,2023-11-17,13
10021,6092.04,676.89,9,2023-02-14,2023-12-16,9
10022,8343.17,490.77,17,2023-01-06,2023-12-29,17
10023,1858.34,154.86,12,2023-03-25,2023-12-24,12
10024,7322.51,430.74,17,2023-01-11,2023-12-28,17
10025,6579.37,506.11,13,2023-01-26,2023-12-22,13
10026,2290.1,208.19,11,2023-04-01,2023-09-18,11
10027,3030.8,168.38,18,2023-01-18,2023-11-14,18
10028,6089.68,434.98,14,2023-01-03,2023-11-17,14
10029,7055.47,391.97,18,2023-01-08,2023-12-24,18
10030,856.31,142.72,6,2023-02-12,2023-09-22,6
10031,7036.96,439.81,16,2023-01-03,2023-12-11,16
10032,5141.97,342.8,15,2023-01-06,2023-12-16,15
10033,13645.66,758.09,18,2023-01-01,2023-12-19,18
10034,9285.2,619.01,15,2023-01-07,2023-12-20,15
10035,8830.15,519.42,17,2023-01-03,2023-12-22,17
10036,2470.83,274.54,9,2023-01-25,2023-12-06,9
10037,6815.28,486.81,14,2023-01-11,2023-11-08,14
10038,12475.55,656.61,19,2023-01-26,2023-12-31,19
10039,8272.18,636.32,13,2023-02-25,2023-11-23,13
10040,6356.94,577.9,11,2023-01-16,2023-10-23,11
10041,3752.02,341.09,11,2023-01-11,2023-11-18,11
10042,3726.35,248.42,15,2023-01-07,2023-12-25,15
10043,8605.19,478.07,18,2023-01-15,2023-12-23,18
10044,2063.66,158.74,13,2023-04-08,2023-12-30,13
10045,7471.04,415.06,18,2023-01-12,2023-11-26,18
10046,4310.59,307.9,14,2023-02-02,2023-12-10,14
10047,8190.58,481.8,17,2023-02-18,2023-12-14,17
10048,5312.04,442.67,12,2023-01-27,2023-12-24,12
10049,1430.68,130.06,11,2023-01-01,2023-12-21,11
10050,8624.23,539.01,16,2023-01-04,2023-12-15,16
10051,4516.84,410.62,11,2023-01-04,2023-12-22,11
10052,6622.1,551.84,12,2023-01-22,2023-12-09,12
10053,1728.26,192.03,9,2023-04-16,2023-11-23,9
10054,9793.1,699.51,14,2023-01-30,2023-12-20,14
10055,7044.99,370.79,19,2023-01-15,2023-12-07,19
10056,2847.3,258.85,11,2023-01-07,2023-12-18,11
10057,6911.59,575.97,12,2023-01-04,2023-11-26,12
10058,10055.08,773.47,13,2023-02-01,2023-12-24,13
10059,8829.61,735.8,12,2023-01-30,2023-11-17,12
10060,4474.52,559.32,8,2023-03-22,2023-12-15,8
10061,6299.73,419.98,15,2023-02-10,2023-12-31,15
10062,7504.99,500.33,15,2023-02-08,2023-11-25,15
10063,7497.89,499.86,15,2023-01-05,2023-12-29,15
10064,1765.81,176.58,10,2023-01-11,2023-12-05,10
10065,15366.95,960.43,16,2023-01-01,2023-12-01,16
10066,13313.98,887.6,15,2023-02-06,2023-12-22,15
10067,11497.56,958.13,12,2023-02-01,2023-12-14,12
10068,4049.22,238.19,17,2023-02-27,2023-12-11,17
10069,16422.36,1026.4,16,2023-01-17,2023-12-16,16
10070,6538.0,344.11,19,2023-02-11,2023-11-25,19
10071,2036.61,156.66,13,2023-02-19,2023-12-29,13
10072,4408.16,293.88,15,2023-02-09,2023-11-23,15
10073,7652.39,450.14,17,2023-01-03,2023-12-29,17
10074,5218.34,326.15,16,2023-01-01,2023-12-26,16
10075,16678.61,877.82,19,2023-01-02,2023-12-19,19
10076,3930.17,357.29,11,2023-02-01,2023-12-24,11
10077,10182.5,783.27,13,2023-03-30,2023-12-03,13
10078,2751.67,183.44,15,2023-01-09,2023-12-12,15
10079,10588.56,588.25,18,2023-01-29,2023-12-21,18
10080,8672.02,510.12,17,2023-01-10,2023-12-27,17
10081,3639.45,259.96,14,2023-01-22,2023-12-26,14
10082,17915.09,689.04,26,2023-01-18,2023-12-20,26
10083,10993.29,845.64,13,2023-01-04,2023-12-08,13
10084,2102.11,161.7,13,2023-01-25,2023-12-30,13
10085,7966.41,442.58,18,2023-02-26,2023-12-10,18
10086,9781.33,514.81,19,2023-01-27,2023-12-30,19
10087,14113.9,1085.68,13,2023-01-20,2023-12-04,13
10088,3388.28,338.83,10,2023-01-27,2023-11-25,10
10089,6882.67,362.25,19,2023-01-13,2023-12-12,19
10090,7874.3,605.72,13,2023-02-13,2023-12-18,13
10091,6679.17,445.28,15,2023-03-11,2023-12-28,15
10092,6914.35,406.73,17,2023-01-11,2023-12-20,17
10093,6828.5,455.23,15,2023-03-22,2023-12-24,15
10094,14034.93,877.18,16,2023-01-03,2023-12-09,16
10095,4536.69,324.05,14,2023-01-13,2023-12-06,14
10096,7722.89,335.78,23,2023-01-28,2023-12-03,23
10097,4019.63,200.98,20,2023-01-02,2023-12-18,20
10098,5425.19,339.07,16,2023-01-24,2023-11-25,16
10099,2533.43,149.03,17,2023-02-04,2023-12-15,17
10100,5636.71,402.62,14,2023-01-08,2023-12-22,14
10101,7604.08,475.26,16,2023-04-08,2023-12-28,16
10102,10396.81,693.12,15,2023-01-17,2023-12-06,15
10103,4829.12,254.16,19,2023-01-07,2023-12-20,19
10104,3482.3,316.57,11,2023-01-14,2023-09-24,11
10105,14101.7,940.11,15,2023-01-14,2023-12-23,15
10106,2010.94,134.06,15,2023-01-10,2023-12-23,15
10107,7229.25,361.46,20,2023-01-05,2023-12-17,20
10108,8195.33,409.77,20,2023-01-31,2023-12-20,20
10109,7562.49,581.73,13,2023-01-14,2023-12-19,13
10110,9586.95,416.82,23,2023-01-01,2023-12-20,23
10111,9820.84,755.45,13,2023-01-24,2023-11-20,13
10112,10974.43,844.19,13,2023-02-09,2023-11-27,13
10113,5402.07,337.63,16,2023-01-01,2023-12-22,16
10114,4495.71,345.82,13,2023-02-07,2023-11-30,13
10115,2808.04,312.0,9,2023-02-08,2023-11-01,9
10116,5135.88,395.07,13,2023-01-29,2023-11-17,13
10117,4955.64,330.38,15,2023-02-23,2023-12-22,15
10118,18252.67,1140.79,16,2023-01-17,2023-12-28,16
10119,2480.32,124.02,20,2023-01-02,2023-11-06,20
10120,2392.32,199.36,12,2023-01-01,2023-12-23,12
10121,4643.66,309.58,15,2023-01-11,2023-12-09,15
10122,3477.46,248.39,14,2023-01-17,2023-10-07,14
10123,11816.74,656.49,18,2023-01-11,2023-12-04,18
10124,8798.42,549.9,16,2023-01-15,2023-12-31,16
10125,1850.04,154.17,12,2023-01-15,2023-11-11,12
10126,8856.1,553.51,16,2023-01-20,2023-12-03,16
10127,5886.3,420.45,14,2023-01-15,2023-12-10,14
10128,4561.17,380.1,12,2023-01-16,2023-11-23,12
10129,3624.91,278.84,13,2023-01-12,2023-12-25,13
10130,13370.59,668.53,20,2023-01-22,2023-11-14,20
10131,2454.1,272.68,9,2023-01-10,2023-11-15,9
10132,8162.82,627.91,13,2023-01-24,2023-12-21,13
10133,1507.99,251.33,6,2023-03-23,2023-10-02,6
10134,7828.15,489.26,16,2023-01-15,2023-12-03,16
10135,8575.24,476.4,18,2023-01-08,2023-12-17,18
10136,1620.79,231.54,7,2023-02-06,2023-11-06,7
10137,7368.54,433.44,17,2023-01-13,2023-12-20,17
10138,8682.09,456.95,19,2023-02-17,2023-12-29,19
10139,8901.92,523.64,17,2023-01-11,2023-12-05,17
10140,9649.08,689.22,14,2023-01-01,2023-10-27,14
10141,7880.91,463.58,17,2023-01-07,2023-11-03,17
10142,11593.43,644.08,18,2023-01-20,2023-12-11,18
10143,6391.16,399.45,16,2023-01-13,2023-11-26,16
10144,9597.59,505.14,19,2023-01-20,2023-10-25,19
10145,4339.68,394.52,11,2023-01-26,2023-10-21,11
10146,2645.58,165.35,16,2023-01-01,2023-12-23,16
10147,5168.3,287.13,18,2023-02-05,2023-12-22,18
10148,2951.36,245.95,12,2023-02-06,2023-12-17,12
10149,10964.82,685.3,16,2023-01-30,2023-12-11,16
10150,2376.76,198.06,12,2023-01-06,2023-12-31,12
10151,6405.33,400.33,16,2023-02-05,2023-12-06,16
10152,4202.11,247.18,17,2023-01-15,2023-12-15,17
10153,4072.35,313.26,13,2023-01-02,2023-12-01,13
10154,13035.78,1086.31,12,2023-01-04,2023-12-27,12
10155,8473.84,564.92,15,2023-01-04,2023-12-19,15
10156,6831.59,379.53,18,2023-02-03,2023-12-17,18
10157,9966.42,766.65,13,2023-01-06,2023-11-06,13
10158,6235.43,445.39,14,2023-01-21,2023-12-13,14
10159,7029.94,370.0,19,2023-01-03,2023-12-11,19
10160,8520.33,501.2,17,2023-01-03,2023-12-18,17
10161,11958.18,664.34,18,2023-01-22,2023-12-05,18
10162,6235.96,566.91,11,2023-01-30,2023-12-05,11
10163,6465.61,431.04,15,2023-01-04,2023-12-21,15
10164,7228.29,602.36,12,2023-02-07,2023-12-09,12
10165,3547.41,272.88,13,2023-01-25,2023-11-12,13
10166,8850.62,885.06,10,2023-02-25,2023-11-14,10
10167,1809.83,150.82,12,2023-01-01,2023-10-25,12
10168,7499.81,441.17,17,2023-01-11,2023-12-09,17
10169,4258.46,266.15,16,2023-01-12,2023-12-13,16
10170,6621.73,551.81,12,2023-01-05,2023-12-14,12
10171,4583.72,352.59,13,2023-02-21,2023-12-26,13
10172,2190.71,273.84,8,2023-02-21,2023-11-15,8
10173,4521.81,322.99,14,2023-01-01,2023-12-29,14
10174,7583.51,473.97,16,2023-02-07,2023-12-16,16
10175,7029.08,540.7,13,2023-01-31,2023-10-18,13
10176,8218.37,821.84,10,2023-01-23,2023-12-04,10
10177,12951.54,719.53,18,2023-01-18,2023-12-16,18
10178,3801.13,223.6,17,2023-01-17,2023-12-12,17
10179,15012.4,790.13,19,2023-01-18,2023-12-22,19
10180,15577.28,741.78,21,2023-01-02,2023-12-17,21
10181,4145.21,414.52,10,2023-01-09,2023-11-30,10
10182,1666.22,185.14,9,2023-02-21,2023-11-30,9
10183,12089.81,755.61,16,2023-02-21,2023-12-23,16
10184,3449.55,202.91,17,2023-03-18,2023-12-31,17
10185,3063.61,278.51,11,2023-03-08,2023-11-23,11
10186,14820.76,988.05,15,2023-02-12,2023-12-22,15
10187,6107.9,469.84,13,2023-01-21,2023-12-04,13
10188,2248.31,204.39,11,2023-03-28,2023-11-24,11
10189,5129.13,320.57,16,2023-02-12,2023-12-31,16
10190,5614.18,295.48,19,2023-02-07,2023-12-11,19
10191,5442.15,320.13,17,2023-02-22,2023-12-28,17
10192,3318.2,301.65,11,2023-02-10,2023-12-22,11
10193,4252.39,223.81,19,2023-01-20,2023-12-07,19
10194,14263.92,1018.85,14,2023-01-27,2023-11-22,14
10195,7326.54,385.61,19,2023-01-12,2023-12-18,19
10196,10397.54,519.88,20,2023-01-08,2023-12-17,20
10197,7941.5,529.43,15,2023-01-08,2023-12-29,15
10198,7767.54,517.84,15,2023-01-08,2023-10-29,15
10199,7121.31,418.9,17,2023-01-01,2023-12-06,17
10200,3407.24,212.95,16,2023-03-15,2023-11-20,16
10201,3836.44,295.11,13,2023-01-03,2023-12-21,13
10202,7754.35,646.2,12,2023-01-16,2023-12-21,12
10203,7594.72,584.21,13,2023-02-12,2023-12-18,13
10204,6117.92,305.9,20,2023-01-09,2023-12-13,20
10205,8287.2,376.69,22,2023-01-30,2023-12-22,22
10206,7473.1,622.76,12,2023-02-09,2023-12-23,12
10207,7558.58,397.82,19,2023-01-02,2023-12-10,19
10208,4009.46,364.5,11,2023-01-03,2023-10-03,11
10209,12014.52,1334.95,9,2023-01-09,2023-12-18,9
10210,3427.69,263.67,13,2023-01-15,2023-12-09,13
10211,5388.66,359.24,15,2023-01-19,2023-12-19,15
10212,5107.94,364.85,14,2023-01-13,2023-12-18,14
10213,6032.26,402.15,15,2023-01-28,2023-12-07,15
10214,4343.05,271.44,16,2023-01-06,2023-12-22,16
10215,3628.94,362.89,10,2023-02-10,2023-12-20,10
10216,14585.04,694.53,21,2023-01-04,2023-12-11,21
10217,10416.1,578.67,18,2023-01-14,2023-12-05,18
10218,4982.0,276.78,18,2023-01-06,2023-12-28,17
10219,6234.82,389.68,16,2023-01-04,2023-12-29,16
10220,4499.43,299.96,15,2023-02-22,2023-11-29,15
10221,3725.76,310.48,12,2023-01-20,2023-12-21,12
10222,4141.62,230.09,18,2023-01-15,2023-12-06,18
10223,7917.12,565.51,14,2023-01-17,2023-12-22,14
10224,14988.34,881.67,17,2023-01-22,2023-12-20,17
10225,8538.63,426.93,20,2023-01-23,2023-11-22,20
10226,11079.97,692.5,16,2023-02-12,2023-12-23,16
10227,5591.48,430.11,13,2023-01-24,2023-12-22,13
10228,2860.43,220.03,13,2023-01-09,2023-12-14,13
10229,6350.24,352.79,18,2023-01-10,2023-12-25,18
10230,6022.84,376.43,16,2023-01-16,2023-12-23,16
10231,8707.76,870.78,10,2023-01-10,2023-12-30,10
10232,1808.16,180.82,10,2023-03-19,2023-12-20,10
10233,8816.61,440.83,20,2023-01-01,2023-12-01,20
10234,6069.3,404.62,15,2023-01-10,2023-12-28,15
10235,4528.46,301.9,15,2023-01-08,2023-10-30,15
10236,4032.18,252.01,16,2023-01-07,2023-12-08,16
10237,8617.54,538.6,16,2023-01-14,2023-11-16,16
10238,2540.91,282.32,9,2023-01-04,2023-11-24,9
10239,4144.13,376.74,11,2023-02-16,2023-11-20,11
10240,9451.63,675.12,14,2023-01-24,2023-11-08,14
10241,4363.91,218.2,20,2023-01-02,2023-12-18,20
10242,13766.35,764.8,18,2023-01-08,2023-12-13,18
10243,4688.55,360.66,13,2023-01-27,2023-10-30,13
10244,5610.54,510.05,11,2023-04-16,2023-12-14,11
10245,2527.68,210.64,12,2023-02-23,2023-11-17,12
10246,679.07,97.01,7,2023-03-28,2023-08-15,7
10247,8759.83,547.49,16,2023-02-16,2023-12-24,16
10248,10489.62,806.89,13,2023-01-06,2023-12-31,13
10249,5691.77,437.83,13,2023-01-05,2023-12-15,13
10250,8336.26,378.92,22,2023-01-23,2023-12-14,22
10251,4138.99,197.09,21,2023-01-12,2023-12-03,21
10252,3539.07,294.92,12,2023-03-01,2023-12-17,12
10253,10494.25,583.01,18,2023-02-06,2023-12-10,18
10254,5966.64,426.19,14,2023-01-16,2023-12-26,14
10255,7350.01,525.0,14,2023-03-09,2023-12-31,14
10256,14164.09,708.2,20,2023-01-11,2023-12-17,20
10257,15004.08,714.48,21,2023-01-22,2023-12-05,21
10258,11665.06,613.95,19,2023-02-22,2023-12-16,19
10259,3845.57,226.21,17,2023-01-11,2023-11-23,17
10260,5163.03,1032.61,5,2023-03-28,2023-08-25,5
10261,3678.68,245.25,15,2023-01-13,2023-11-30,15
10262,10820.17,636.48,17,2023-01-04,2023-12-18,17
10263,8421.65,561.44,15,2023-01-01,2023-12-25,15
10264,3887.72,194.39,20,2023-01-11,2023-12-15,20
10265,11375.7,758.38,15,2023-02-08,2023-12-27,15
10266,7515.18,536.8,14,2023-01-05,2023-12-23,14
10267,6100.8,406.72,15,2023-02-14,2023-12-23,15
10268,3446.33,287.19,12,2023-01-21,2023-12-22,12
10269,5228.16,402.17,13,2023-02-23,2023-12-25,13
10270,14228.14,790.45,18,2023-01-31,2023-12-31,18
10271,4140.03,345.0,12,2023-01-21,2023-11-04,12
10272,2533.01,230.27,11,2023-02-03,2023-12-19,11
10273,6847.16,622.47,11,2023-02-11,2023-12-24,11
10274,7254.86,659.53,11,2023-01-02,2023-12-31,11
10275,8263.77,1032.97,8,2023-03-20,2023-11-23,8
10276,4321.48,392.86,11,2023-02-13,2023-12-04,11
10277,4954.79,412.9,12,2023-01-02,2023-12-31,12
10278,8381.64,838.16,10,2023-04-06,2023-11-27,10
10279,7900.49,607.73,13,2023-02-11,2023-12-08,13
10280,11555.68,525.26,22,2023-01-23,2023-12-31,22
10281,21403.48,1019.21,21,2023-01-06,2023-12-05,21
10282,5343.3,411.02,13,2023-01-02,2023-12-21,13
10283,5067.33,460.67,11,2023-01-04,2023-11-21,11
10284,4544.81,413.16,11,2023-02-04,2023-12-22,11
10285,4918.99,491.9,10,2023-01-01,2023-11-12,10
10286,8379.37,931.04,9,2023-03-15,2023-12-19,9
10287,5885.84,420.42,14,2023-02-19,2023-11-16,14
10288,1387.59,106.74,13,2023-01-16,2023-11-28,13
10289,5889.95,392.66,15,2023-01-01,2023-12-22,15
10290,3174.24,244.17,13,2023-01-10,2023-12-11,13
10291,4679.78,292.49,16,2023-01-15,2023-12-29,16
10292,14901.73,709.61,21,2023-01-12,2023-12-08,21
10293,6657.55,665.76,10,2023-02-23,2023-11-21,10
10294,8327.85,520.49,16,2023-01-22,2023-12-31,16
10295,3554.97,355.5,10,2023-02-04,2023-11-26,10
10296,7587.26,421.51,18,2023-01-05,2023-12-10,18
10297,10844.89,516.42,21,2023-01-10,2023-12-23,21
10298,4742.19,225.82,21,2023-01-08,2023-12-28,21
10299,5119.22,319.95,16,2023-01-12,2023-11-14,16
10300,11332.52,629.58,18,2023-01-17,2023-12-28,18
10301,9780.42,752.34,13,2023-01-20,2023-12-07,13
10302,11545.73,607.67,19,2023-01-11,2023-12-26,19
10303,6937.3,433.58,16,2023-01-23,2023-10-22,16
10304,7446.41,465.4,16,2023-01-06,2023-11-13,16
10305,10627.54,759.11,14,2023-01-26,2023-11-28,14
10306,2134.83,164.22,13,2023-02-24,2023-10-21,13
10307,7219.23,802.14,9,2023-01-26,2023-12-26,9
10308,3986.62,398.66,10,2023-02-07,2023-12-31,10
10309,10699.39,427.98,25,2023-01-06,2023-12-17,25
10310,2533.78,361.97,7,2023-01-08,2023-12-26,7
10311,9315.76,547.99,17,2023-01-06,2023-12-25,17
10312,14208.18,747.8,19,2023-02-05,2023-12-26,19
10313,8587.05,572.47,15,2023-01-01,2023-11-25,15
10314,3899.97,300.0,13,2023-01-22,2023-11-29,13
10315,1655.32,236.47,7,2023-07-04,2023-11-29,7
10316,3625.32,362.53,10,2023-01-13,2023-11-08,10
10317,5518.58,501.69,11,2023-01-02,2023-11-19,11
10318,12283.77,767.74,16,2023-01-07,2023-12-17,16
10319,7955.81,723.26,11,2023-02-06,2023-12-02,11
10320,6525.03,383.83,17,2023-01-16,2023-10-26,17
10321,8317.34,519.83,16,2023-01-22,2023-12-22,16
10322,10010.35,715.02,14,2023-01-25,2023-12-23,14
10323,4104.98,293.21,14,2023-02-01,2023-10-09,14
10324,3747.44,249.83,15,2023-01-07,2023-12-17,15
10325,11284.09,752.27,15,2023-01-08,2023-12-19,15
10326,6224.99,444.64,14,2023-01-27,2023-12-24,14
10327,8451.88,603.71,14,2023-01-02,2023-09-14,14
10328,3161.32,210.75,15,2023-01-25,2023-11-25,15
10329,3658.21,243.88,15,2023-02-01,2023-11-25,15
10330,2340.49,234.05,10,2023-02-10,2023-10-24,10
10331,1819.77,181.98,10,2023-02-22,2023-11-04,10
10332,8284.92,591.78,14,2023-01-09,2023-12-27,14
10333,3632.94,363.29,10,2023-01-24,2023-12-06,10
10334,7690.66,404.77,19,2023-02-24,2023-12-29,19
10335,4426.24,491.8,9,2023-01-08,2023-12-28,9
10336,11768.67,735.54,16,2023-01-30,2023-12-03,16
10337,2743.3,182.89,15,2023-01-07,2023-12-19,15
10338,2502.55,250.25,10,2023-02-04,2023-12-31,10
10339,7468.32,439.31,17,2023-02-21,2023-12-14,17
10340,10246.37,731.88,14,2023-01-11,2023-12-23,14
10341,5332.22,533.22,10,2023-02-01,2023-12-06,10
10342,7724.31,643.69,12,2023-02-23,2023-12-20,12
10343,2546.23,231.48,11,2023-02-04,2023-09-20,11
10344,5541.47,461.79,12,2023-02-03,2023-11-04,12
10345,10822.26,470.53,23,2023-01-14,2023-12-27,23
10346,9099.17,606.61,15,2023-01-10,2023-12-13,15
10347,8327.01,693.92,12,2023-01-06,2023-12-19,12
10348,5770.02,288.5,20,2023-01-16,2023-11-22,20
10349,6680.93,351.63,19,2023-01-18,2023-12-25,19
10350,13448.97,960.64,14,2023-01-09,2023-11-25,14
10351,3423.04,342.3,10,2023-01-13,2023-12-29,10
10352,3982.02,398.2,10,2023-04-15,2023-12-11,10
10353,4433.63,260.8,17,2023-01-11,2023-12-22,17
10354,17010.9,1134.06,15,2023-01-13,2023-11-09,15
10355,6632.02,349.05,19,2023-01-14,2023-12-23,19
10356,7558.9,419.94,18,2023-01-16,2023-12-12,18
10357,3612.13,258.01,14,2023-01-23,2023-12-11,14
10358,5769.86,443.84,13,2023-01-09,2023-12-17,13
10359,3168.56,288.05,11,2023-01-02,2023-12-23,11
10360,8405.83,400.28,21,2023-01-21,2023-12-13,21
10361,7272.69,909.09,8,2023-02-02,2023-12-29,8
10362,6187.0,386.69,16,2023-01-30,2023-11-19,16
10363,3880.33,431.15,9,2023-09-02,2023-12-28,9
10364,7995.76,726.89,11,2023-01-23,2023-12-21,11
10365,4142.68,258.92,16,2023-01-24,2023-11-23,16
10366,2346.02,213.27,11,2023-01-31,2023-10-15,11
10367,11017.66,734.51,15,2023-01-13,2023-11-16,15
10368,1767.5,176.75,10,2023-02-17,2023-12-17,10
10369,7716.63,551.19,14,2023-01-07,2023-10-31,14
10370,5258.9,309.35,17,2023-01-20,2023-11-29,17
10371,14579.79,662.72,22,2023-01-21,2023-12-21,22
10372,12564.36,837.62,15,2023-01-06,2023-12-20,15
10373,9617.63,565.74,17,2023-02-19,2023-12-23,17
10374,6020.42,501.7,12,2023-01-12,2023-12-19,12
10375,8940.19,496.68,18,2023-01-10,2023-11-29,18
10376,3856.19,350.56,11,2023-01-03,2023-12-24,11
10377,4994.91,332.99,15,2023-01-04,2023-12-23,15
10378,2340.35,195.03,12,2023-02-26,2023-12-13,12
10379,14986.4,681.2,22,2023-01-09,2023-12-28,22
10380,3466.51,266.65,13,2023-02-19,2023-12-21,13
10381,3735.82,196.62,19,2023-01-03,2023-11-27,19
10382,5414.54,492.23,11,2023-02-01,2023-12-05,11
10383,16935.4,736.32,23,2023-01-09,2023-12-22,23
10384,5694.32,517.67,11,2023-01-26,2023-10-17,11
10385,8415.27,601.09,14,2023-01-14,2023-12-04,14
10386,4650.75,357.75,13,2023-01-05,2023-11-29,13
10387,10254.92,445.87,23,2023-01-03,2023-12-30,23
10388,6384.16,798.02,8,2023-01-23,2023-12-09,8
10389,888.91,126.99,7,2023-04-22,2023-12-28,7
10390,2686.01,244.18,11,2023-01-06,2023-12-19,11
10391,10535.3,501.68,21,2023-01-02,2023-11-29,21
10392,6999.82,411.75,17,2023-01-09,2023-11-26,17
10393,4640.65,356.97,13,2023-02-13,2023-12-16,13
10394,7409.37,370.47,20,2023-02-11,2023-12-22,20
10395,5192.73,247.27,21,2023-01-11,2023-11-27,21
10396,9280.46,580.03,16,2023-01-03,2023-12-16,16
10397,3829.76,212.76,18,2023-01-11,2023-12-12,18
10398,4661.98,274.23,17,2023-03-10,2023-11-18,17
10399,7968.26,442.68,18,2023-01-10,2023-12-25,18
10400,10373.95,576.33,18,2023-01-09,2023-12-11,18
10401,4501.68,409.24,11,2023-01-29,2023-12-19,11
10402,8555.72,855.57,10,2023-01-17,2023-11-22,10
10403,8666.92,433.35,20,2023-02-23,2023-12-29,20
10404,4556.0,379.67,12,2023-01-02,2023-12-31,12
10405,11434.14,544.48,21,2023-01-05,2023-12-29,21
10406,7797.84,389.89,20,2023-01-15,2023-12-23,20
10407,8198.28,585.59,14,2023-01-20,2023-12-17,14
10408,5519.73,324.69,17,2023-01-25,2023-12-16,17
10409,7370.89,737.09,10,2023-01-20,2023-12-11,10
10410,2973.32,212.38,14,2023-03-08,2023-11-27,14
10411,8717.76,396.26,22,2023-01-06,2023-12-12,22
10412,4207.77,168.31,25,2023-01-07,2023-11-15,25
10413,812.65,101.58,8,2023-01-15,2023-12-03,8
10414,6425.63,321.28,20,2023-01-11,2023-12-05,20
10415,10889.96,907.5,12,2023-02-17,2023-11-16,12
10416,8760.66,625.76,14,2023-01-26,2023-11-24,14
10417,11961.41,747.59,16,2023-04-07,2023-12-29,16
10418,2973.95,228.77,13,2023-01-04,2023-12-11,13
10419,3747.04,249.8,15,2023-01-13,2023-12-27,15
10420,6701.65,609.24,11,2023-02-14,2023-12-02,11
10421,8525.77,473.65,18,2023-01-20,2023-12-30,18
10422,4901.71,306.36,16,2023-01-24,2023-12-29,16
10423,7678.17,590.63,13,2023-01-13,2023-12-26,13
10424,8038.64,502.42,16,2023-02-14,2023-12-16,16
10425,3979.95,265.33,15,2023-01-22,2023-12-24,15
10426,5236.37,374.03,14,2023-01-08,2023-12-27,14
10427,5435.0,543.5,10,2023-02-06,2023-12-18,10
10428,7048.06,503.43,14,2023-01-15,2023-12-17,14
10429,4369.38,291.29,15,2023-01-12,2023-12-28,15
10430,12158.75,715.22,17,2023-01-05,2023-12-25,17
10431,4150.04,319.23,13,2023-02-23,2023-12-30,13
10432,3483.71,267.98,13,2023-01-25,2023-10-23,13
10433,4724.0,363.38,13,2023-01-07,2023-10-27,13
10434,3845.51,274.68,14,2023-02-16,2023-12-25,14
10435,8197.32,630.56,13,2023-01-03,2023-10-20,13
10436,7258.95,659.9,11,2023-03-25,2023-12-20,11
10437,3919.56,356.32,11,2023-01-08,2023-12-31,11
10438,2447.2,188.25,13,2023-02-05,2023-11-18,13
10439,8563.64,713.64,12,2023-01-05,2023-12-19,12
10440,5667.61,377.84,15,2023-01-04,2023-12-27,15
10441,1841.61,122.77,15,2023-01-08,2023-12-26,15
10442,2118.57,192.6,11,2023-02-03,2023-12-31,11
10443,5737.34,286.87,20,2023-02-04,2023-12-31,20
10444,13372.64,557.19,24,2023-02-09,2023-12-24,24
10445,12413.02,730.18,17,2023-01-07,2023-12-18,17
10446,5811.15,387.41,15,2023-01-10,2023-12-16,15
10447,8740.1,672.32,13,2023-01-10,2023-12-20,13
10448,4505.81,450.58,10,2023-03-31,2023-12-08,10
10449,6934.87,630.44,11,2023-01-03,2023-12-26,11
10450,3125.51,164.5,19,2023-02-05,2023-12-10,19
10451,2072.08,172.67,12,2023-01-02,2023-12-07,11
10452,5351.34,297.3,18,2023-02-01,2023-12-23,18
10453,8838.48,441.92,20,2023-02-03,2023-12-23,20
10454,3139.55,241.5,13,2023-01-05,2023-10-25,13
10455,1842.5,153.54,12,2023-01-06,2023-11-25,12
10456,8163.37,388.73,21,2023-01-04,2023-12-11,21
10457,5048.88,360.63,14,2023-01-09,2023-12-27,14
10458,4806.62,252.98,19,2023-02-01,2023-12-25,19
10459,4713.3,261.85,18,2023-03-17,2023-11-19,18
10460,4893.8,376.45,13,2023-01-12,2023-12-30,13
10461,7022.3,468.15,15,2023-01-02,2023-11-22,15
10462,5120.32,465.48,11,2023-01-14,2023-12-20,11
10463,5569.9,309.44,18,2023-01-04,2023-12-18,18
10464,3959.39,304.57,13,2023-01-06,2023-10-18,13
10465,11175.36,657.37,17,2023-03-21,2023-12-19,17
10466,5457.18,259.87,21,2023-01-06,2023-11-20,21
10467,11039.11,649.36,17,2023-01-09,2023-12-09,17
10468,5406.12,415.86,13,2023-01-05,2023-12-31,13
10469,9134.83,537.34,17,2023-02-02,2023-12-30,17
10470,8129.95,580.71,14,2023-01-13,2023-10-07,14
10471,2151.36,195.58,11,2023-02-08,2023-12-02,11
10472,11396.58,670.39,17,2023-01-28,2023-12-12,17
10473,5330.62,313.57,17,2023-01-14,2023-12-08,17
10474,2281.59,207.42,11,2023-01-28,2023-12-11,11
10475,11047.99,526.09,21,2023-01-08,2023-12-26,21
10476,11793.14,693.71,17,2023-01-06,2023-12-09,17
10477,6432.32,804.04,8,2023-03-25,2023-12-16,8
10478,5095.45,566.16,9,2023-03-05,2023-12-20,9
10479,5988.27,374.27,16,2023-01-04,2023-12-23,16
10480,3764.57,418.29,9,2023-01-21,2023-12-27,9
10481,9946.08,663.07,15,2023-02-18,2023-12-31,15
10482,6217.89,327.26,19,2023-01-15,2023-12-29,19
10483,11023.25,648.43,17,2023-01-01,2023-12-25,17
10484,5204.55,306.15,17,2023-01-03,2023-12-17,17
10485,5626.53,330.97,17,2023-01-28,2023-12-09,17
10486,5642.17,352.64,16,2023-01-10,2023-12-08,16
10487,10108.06,673.87,15,2023-01-03,2023-11-19,15
10488,8736.71,873.67,10,2023-01-12,2023-12-24,10
10489,11780.85,535.49,22,2023-01-13,2023-12-22,22
10490,8273.86,551.59,15,2023-01-03,2023-12-05,15
10491,7453.09,573.31,13,2023-01-22,2023-12-31,13
10492,4429.34,295.29,15,2023-01-04,2023-11-28,15
10493,6915.37,384.19,18,2023-01-17,2023-12-22,18
10494,5728.11,409.15,14,2023-01-24,2023-12-28,14
10495,13824.99,553.0,25,2023-01-23,2023-12-18,25
10496,6313.19,485.63,13,2023-01-03,2023-12-16,13
10497,3669.56,229.35,16,2023-01-12,2023-11-23,16
10498,3850.51,296.19,13,2023-02-11,2023-12-04,13
10499,4948.04,291.06,17,2023-01-06,2023-12-08,17
10500,5797.24,644.14,9,2023-01-04,2023-12-29,9
10501,14290.07,752.11,19,2023-01-12,2023-12-31,19
10502,3984.14,362.19,11,2023-01-12,2023-12-25,11
10503,6028.07,376.75,16,2023-01-14,2023-12-06,16
10504,11070.52,615.03,18,2023-02-15,2023-11-14,18
10505,7534.45,376.72,20,2023-01-07,2023-12-26,20
10506,2598.38,152.85,17,2023-01-13,2023-12-14,17
10507,12426.64,1035.55,12,2023-01-08,2023-12-20,12
10508,3882.88,277.35,14,2023-01-09,2023-09-23,14
10509,6755.34,293.71,23,2023-01-16,2023-12-14,23
10510,5889.9,346.46,17,2023-01-05,2023-12-01,17
10511,3467.37,346.74,10,2023-03-12,2023-12-15,10
10512,6426.09,378.01,17,2023-01-31,2023-12-30,17
10513,4729.94,363.84,13,2023-01-04,2023-12-24,13
10514,5503.46,366.9,15,2023-05-12,2023-11-24,15
10515,9383.7,521.32,18,2023-02-04,2023-12-14,18
10516,8720.34,396.38,22,2023-01-25,2023-12-15,22
10517,4564.77,380.4,12,2023-01-07,2023-12-19,12
10518,13624.29,619.29,22,2023-01-12,2023-12-26,22
10519,6506.65,382.74,17,2023-02-03,2023-12-21,17
10520,10257.39,854.78,12,2023-02-04,2023-11-14,12
10521,2870.16,205.01,14,2023-05-15,2023-12-30,14
10522,3205.28,267.11,12,2023-01-06,2023-12-30,12
10523,2035.86,185.08,11,2023-01-07,2023-11-26,11
10524,12109.89,931.53,13,2023-05-01,2023-12-12,13
10525,9242.3,462.11,20,2023-01-22,2023-12-11,20
10526,7990.2,380.49,21,2023-01-05,2023-12-15,21
10527,1746.96,158.81,11,2023-02-03,2023-11-26,11
10528,4585.43,382.12,12,2023-01-19,2023-12-20,12
10529,8113.83,405.69,20,2023-01-02,2023-12-24,20
10530,5339.28,355.95,15,2023-02-07,2023-11-28,15
10531,5552.35,504.76,11,2023-01-06,2023-11-30,11
10532,3915.77,355.98,11,2023-02-06,2023-12-27,11
10533,1116.95,111.7,10,2023-02-19,2023-12-16,10
10534,6472.56,340.66,19,2023-01-04,2023-12-20,19
10535,4073.15,370.29,11,2023-01-03,2023-12-19,11
10536,6314.06,332.32,19,2023-01-05,2023-11-26,19
10537,8549.21,1068.65,8,2023-01-22,2023-12-30,8
10538,3991.8,443.53,9,2023-01-25,2023-11-12,9
10539,7521.45,376.07,20,2023-01-16,2023-11-10,20
10540,5840.59,730.07,8,2023-01-08,2023-12-31,8
10541,8539.17,406.63,21,2023-01-10,2023-12-21,21
10542,14370.27,718.51,20,2023-01-05,2023-12-01,20
10543,3446.05,382.89,9,2023-01-18,2023-11-24,9
10544,7074.1,544.16,13,2023-01-08,2023-08-16,13
10545,3137.26,392.16,8,2023-01-12,2023-12-12,8
10546,5133.99,513.4,10,2023-04-20,2023-11-23,10
10547,7428.56,495.24,15,2023-01-04,2023-12-05,15
10548,10174.66,391.33,26,2023-01-04,2023-12-25,26
10549,4687.04,334.79,14,2023-01-12,2023-12-26,14
10550,4312.67,431.27,10,2023-01-04,2023-09-22,10
10551,5376.9,336.06,16,2023-03-13,2023-12-22,16
10552,6498.63,464.19,14,2023-01-11,2023-12-29,14
10553,6373.43,424.9,15,2023-01-01,2023-12-21,15
10554,4871.94,405.99,12,2023-01-02,2023-11-20,12
10555,15880.97,661.71,24,2023-02-21,2023-12-17,24
10556,4541.89,412.9,11,2023-03-13,2023-12-27,11
10557,3737.9,622.98,6,2023-01-22,2023-12-31,6
10558,7409.48,493.97,15,2023-01-10,2023-12-30,15
10559,7382.96,527.35,14,2023-02-09,2023-12-17,14
10560,6875.72,528.9,13,2023-01-01,2023-09-16,13
10561,2625.45,201.96,13,2023-01-08,2023-11-30,13
10562,6010.0,462.31,13,2023-01-08,2023-10-25,13
10563,8493.51,653.35,13,2023-01-06,2023-12-09,13
10564,10670.66,463.94,23,2023-01-14,2023-12-29,23
10565,3726.37,232.9,16,2023-01-02,2023-11-11,16
10566,1874.12,133.87,14,2023-02-07,2023-12-13,14
10567,5478.52,498.05,11,2023-01-03,2023-11-29,11
10568,5184.28,272.86,19,2023-01-11,2023-12-10,19
10569,2856.01,178.5,16,2023-01-20,2023-12-26,16
10570,6613.1,348.06,19,2023-02-09,2023-12-23,19
10571,7953.99,530.27,15,2023-01-25,2023-12-21,15
10572,10209.15,600.54,17,2023-01-03,2023-12-31,17
10573,6929.66,494.98,14,2023-01-03,2023-12-12,14
10574,1081.66,98.33,11,2023-03-09,2023-11-14,11
10575,4562.45,285.15,16,2023-01-07,2023-11-28,16
10576,11253.98,750.27,15,2023-01-12,2023-12-04,15
10577,5775.43,303.97,19,2023-01-09,2023-12-15,19
10578,2979.29,212.81,14,2023-01-15,2023-09-19,14
10579,4813.16,437.56,11,2023-02-17,2023-12-25,11
10580,9693.97,510.21,19,2023-01-22,2023-12-03,19
10581,3377.19,281.43,12,2023-01-30,2023-12-23,12
10582,8379.53,558.64,15,2023-01-23,2023-12-23,15
10583,9418.65,588.67,16,2023-01-18,2023-10-26,16
10584,15634.61,1116.76,14,2023-01-29,2023-12-12,14
10585,8077.7,448.76,18,2023-02-06,2023-12-28,18
10586,6894.31,530.33,13,2023-01-21,2023-12-01,13
10587,4142.99,258.94,16,2023-03-22,2023-12-02,16
10588,8566.65,535.42,16,2023-01-25,2023-11-09,16
10589,6646.94,415.43,16,2023-03-06,2023-12-04,16
10590,6871.02,490.79,14,2023-04-15,2023-12-29,14
10591,11384.77,542.13,21,2023-01-08,2023-12-26,21
10592,3214.89,229.64,14,2023-01-09,2023-12-22,14
10593,7446.3,620.52,12,2023-01-07,2023-12-10,12
10594,3656.54,332.41,11,2023-01-18,2023-12-29,11
10595,4535.49,251.97,18,2023-01-22,2023-12-05,18
10596,4659.49,274.09,17,2023-01-01,2023-12-27,17
10597,5258.77,350.58,15,2023-01-08,2023-11-28,15
10598,4576.29,352.02,13,2023-01-01,2023-10-25,13
10599,1550.37,221.48,7,2023-01-02,2023-12-26,7
10600,824.27,117.75,7,2023-04-17,2023-12-27,7
10601,14803.2,672.87,22,2023-01-01,2023-12-27,22
10602,7514.48,357.83,21,2023-01-11,2023-12-28,21
10603,8271.36,459.52,18,2023-01-06,2023-12-20,18
10604,9128.37,434.68,21,2023-01-07,2023-12-29,21
10605,9592.21,872.02,11,2023-02-24,2023-11-29,11
10606,6179.24,411.95,15,2023-01-04,2023-12-09,15
10607,4303.82,253.17,17,2023-01-08,2023-12-07,17
10608,7204.28,600.36,12,2023-06-15,2023-12-26,12
10609,2124.35,177.03,12,2023-01-22,2023-12-06,12
10610,4638.39,515.38,9,2023-02-02,2023-12-07,9
10611,1236.18,137.35,9,2023-01-01,2023-11-30,9
10612,7037.07,319.87,22,2023-01-06,2023-12-18,22
10613,7549.27,580.71,13,2023-01-08,2023-12-27,13
10614,9495.31,678.24,14,2023-01-24,2023-12-28,14
10615,4066.15,239.19,17,2023-01-07,2023-12-10,17
10616,2254.82,150.32,15,2023-03-28,2023-12-18,15
10617,5280.61,406.2,13,2023-02-01,2023-11-21,13
10618,10901.83,838.6,13,2023-01-12,2023-10-08,13
10619,8829.79,551.86,16,2023-02-06,2023-12-31,16
10620,11403.97,570.2,20,2023-01-01,2023-11-27,20
10621,7241.86,482.79,15,2023-01-25,2023-12-31,15
10622,7236.77,603.06,12,2023-01-01,2023-11-13,12
10623,3549.57,507.08,7,2023-02-27,2023-09-10,7
10624,2645.45,293.94,9,2023-01-27,2023-12-13,9
10625,3594.85,199.71,18,2023-01-21,2023-12-24,18
10626,4250.67,223.72,19,2023-01-04,2023-12-15,19
10627,9240.12,577.51,16,2023-01-04,2023-12-01,16
10628,4378.99,257.59,17,2023-01-08,2023-12-16,17
10629,7480.31,340.01,22,2023-01-02,2023-12-23,22
10630,4046.97,252.94,16,2023-01-19,2023-12-18,16
10631,3391.98,242.28,14,2023-01-20,2023-11-09,14
10632,6973.15,435.82,16,2023-01-12,2023-12-27,16
10633,2383.28,216.66,11,2023-02-27,2023-12-17,11
10634,7152.0,550.15,13,2023-01-29,2023-12-02,13
10635,5493.37,392.38,14,2023-01-21,2023-12-31,14
10636,8061.52,806.15,10,2023-01-10,2023-11-27,10
10637,9468.41,526.02,18,2023-02-05,2023-12-30,18
10638,7721.55,857.95,9,2023-01-10,2023-12-30,9
10639,3720.98,338.27,11,2023-01-03,2023-12-26,11
10640,4501.05,321.5,14,2023-01-29,2023-11-22,14
10641,1475.55,163.95,9,2023-02-19,2023-08-21,9
10642,5803.82,483.65,12,2023-02-08,2023-12-14,12
10643,5016.3,358.31,14,2023-01-12,2023-12-27,14
10644,6494.81,382.05,17,2023-01-01,2023-11-16,17
10645,9529.11,453.77,21,2023-01-04,2023-12-24,21
10646,16131.88,520.38,31,2023-01-06,2023-12-30,31
10647,4198.56,209.93,20,2023-01-30,2023-12-21,20
10648,3738.84,287.6,13,2023-01-29,2023-10-25,13
10649,7094.12,472.94,15,2023-01-03,2023-12-25,15
10650,8105.16,675.43,12,2023-01-01,2023-12-18,12
10651,4868.23,405.69,12,2023-02-17,2023-12-07,12
10652,5510.45,459.2,12,2023-01-12,2023-12-22,12
10653,3693.03,335.73,11,2023-02-28,2023-12-30,11
10654,4425.05,245.84,18,2023-01-09,2023-12-05,18
10655,8830.88,464.78,19,2023-01-11,2023-12-24,19
10656,10000.15,416.67,24,2023-03-12,2023-12-22,24
10657,8466.43,846.64,10,2023-02-26,2023-11-28,10
10658,17317.21,1082.33,16,2023-01-19,2023-12-30,16
10659,6150.66,439.33,14,2023-01-09,2023-12-25,14
10660,2836.5,157.58,18,2023-02-13,2023-12-31,18
10661,4559.74,379.98,12,2023-01-01,2023-11-19,12
10662,7028.71,468.58,15,2023-01-02,2023-11-28,15
10663,6479.79,462.84,14,2023-01-21,2023-12-11,14
10664,13056.52,621.74,21,2023-01-15,2023-11-22,21
10665,3060.2,278.2,11,2023-01-08,2023-11-09,11
10666,5752.47,442.5,13,2023-02-04,2023-11-16,13
10667,6033.77,402.25,15,2023-01-23,2023-12-18,15
10668,3667.54,282.12,13,2023-01-09,2023-12-17,13
10669,2010.42,167.54,12,2023-01-11,2023-11-12,12
10670,6738.03,449.2,15,2023-01-15,2023-12-23,15
10671,8797.73,517.51,17,2023-01-05,2023-12-30,17
10672,5683.54,315.75,18,2023-01-22,2023-12-20,17
10673,6513.73,542.81,12,2023-02-02,2023-10-21,12
10674,3861.55,275.82,14,2023-01-30,2023-11-04,14
10675,3383.18,225.55,15,2023-01-02,2023-12-05,15
10676,6247.53,446.25,14,2023-04-01,2023-12-20,14
10677,5318.01,483.46,11,2023-01-01,2023-12-23,11
10678,5034.31,335.62,15,2023-04-11,2023-12-27,15
10679,4162.44,260.15,16,2023-01-17,2023-12-31,16
10680,2432.07,173.72,14,2023-01-13,2023-12-25,14
10681,6616.88,367.6,18,2023-02-01,2023-12-21,18
10682,11165.74,465.24,24,2023-01-23,2023-12-31,24
10683,5721.89,317.88,18,2023-01-05,2023-12-22,18
10684,3464.03,266.46,13,2023-01-06,2023-11-09,13
10685,3096.96,344.11,9,2023-02-13,2023-11-12,9
10686,3974.55,264.97,15,2023-02-01,2023-12-22,15
10687,3352.53,239.47,14,2023-01-09,2023-12-30,14
10688,4830.0,345.0,14,2023-02-13,2023-12-06,14
10689,3817.74,424.19,9,2023-01-15,2023-12-29,9
10690,3906.86,244.18,16,2023-01-24,2023-11-20,16
10691,9478.93,677.07,14,2023-01-09,2023-11-09,14
10692,6694.08,608.55,11,2023-02-21,2023-12-27,11
10693,2725.23,302.8,9,2023-03-20,2023-11-03,9
10694,5444.53,388.9,14,2023-01-14,2023-12-05,14
10695,8384.09,493.18,17,2023-02-25,2023-12-20,17
10696,6230.77,366.52,17,2023-01-09,2023-12-16,17
10697,3464.73,216.55,16,2023-02-23,2023-12-07,16
10698,6744.35,518.8,13,2023-01-03,2023-12-03,13
10699,3856.54,482.07,8,2023-01-11,2023-12-17,8
10700,3323.36,207.71,16,2023-02-01,2023-11-12,16
10701,5544.1,462.01,12,2023-01-15,2023-11-12,12
10702,6348.55,423.24,15,2023-01-30,2023-12-31,15
10703,3374.37,198.49,17,2023-01-03,2023-11-17,17
10704,3404.67,261.9,13,2023-01-31,2023-12-29,13
10705,5935.87,539.62,11,2023-01-23,2023-11-24,11
10706,4885.32,287.37,17,2023-02-16,2023-12-25,17
10707,10273.25,604.31,17,2023-01-12,2023-10-28,17
10708,10610.46,558.45,19,2023-01-15,2023-11-23,19
10709,4401.54,275.1,16,2023-01-11,2023-12-06,16
10710,8252.22,434.33,19,2023-03-07,2023-12-07,19
10711,9168.22,436.58,21,2023-01-24,2023-12-27,21
10712,7737.46,368.45,21,2023-01-24,2023-12-24,21
10713,7376.23,614.69,12,2023-02-10,2023-12-27,12
10714,14601.77,730.09,20,2023-01-22,2023-12-31,20
10715,4160.3,346.69,12,2023-04-17,2023-12-15,12
10716,8660.7,577.38,15,2023-03-03,2023-12-14,15
10717,4593.62,353.36,13,2023-01-14,2023-12-24,13
10718,11153.44,929.45,12,2023-02-22,2023-12-29,12
10719,6712.81,372.93,18,2023-01-11,2023-11-24,18
10720,6147.74,472.9,13,2023-02-19,2023-11-02,13
10721,6313.21,371.37,17,2023-02-09,2023-12-15,17
10722,6822.03,568.5,12,2023-01-15,2023-12-30,12
10723,6258.94,417.26,15,2023-03-18,2023-12-25,15
10724,4344.34,482.7,9,2023-04-01,2023-12-19,9
10725,6846.24,456.42,15,2023-01-13,2023-12-20,15
10726,13366.0,835.38,16,2023-01-23,2023-12-25,16
10727,4545.64,284.1,16,2023-01-01,2023-12-31,16
10728,14623.23,812.4,18,2023-01-16,2023-12-30,18
10729,17502.7,729.28,24,2023-03-02,2023-12-06,24
10730,4056.1,450.68,9,2023-02-19,2023-10-12,9
10731,6378.19,303.72,21,2023-01-07,2023-12-21,21
10732,3179.52,244.58,13,2023-03-01,2023-11-25,13
10733,7911.41,416.39,19,2023-01-14,2023-12-31,19
10734,5569.54,428.43,13,2023-01-08,2023-12-28,13
10735,8833.29,630.95,14,2023-02-26,2023-12-11,14
10736,8310.99,488.88,17,2023-01-29,2023-12-21,17
10737,4263.53,304.54,14,2023-01-05,2023-12-30,14
10738,6232.27,479.41,13,2023-01-15,2023-12-22,13
10739,6848.83,360.46,19,2023-01-17,2023-12-05,19
10740,13493.14,963.8,14,2023-01-15,2023-12-14,14
10741,10718.53,824.5,13,2023-01-01,2023-12-31,13
10742,3013.98,215.28,14,2023-01-08,2023-12-10,14
10743,7013.76,584.48,12,2023-01-29,2023-11-25,12
10744,6615.69,551.31,12,2023-01-24,2023-12-31,12
10745,7311.79,562.45,13,2023-03-06,2023-12-13,13
10746,1976.93,179.72,11,2023-01-31,2023-12-22,11
10747,15519.56,912.92,17,2023-01-05,2023-12-06,17
10748,8970.14,598.01,15,2023-01-08,2023-12-12,15
10749,6813.71,358.62,19,2023-01-25,2023-12-21,19
10750,13642.77,568.45,24,2023-01-04,2023-12-27,24
10751,5915.12,394.34,15,2023-01-15,2023-11-24,15
10752,7920.59,609.28,13,2023-01-02,2023-12-10,13
10753,13490.68,843.17,16,2023-01-21,2023-10-26,16
10754,6261.72,391.36,16,2023-05-04,2023-12-25,16
10755,5891.58,267.8,22,2023-01-01,2023-12-25,22
10756,6141.6,307.08,20,2023-02-04,2023-12-19,20
10757,9088.7,757.39,12,2023-01-08,2023-12-26,12
10758,7729.61,515.31,15,2023-01-30,2023-11-10,15
10759,8465.73,445.56,19,2023-01-03,2023-12-27,19
10760,13984.06,932.27,15,2023-01-06,2023-12-29,15
10761,5979.42,427.1,14,2023-01-11,2023-11-16,14
10762,10463.6,581.31,18,2023-01-01,2023-12-23,18
10763,3528.17,207.54,17,2023-01-04,2023-12-24,17
10764,5080.04,362.86,14,2023-01-26,2023-12-22,14
10765,17031.84,811.04,21,2023-01-18,2023-12-18,21
10766,5745.5,319.19,18,2023-01-09,2023-12-29,18
10767,9411.04,553.59,17,2023-01-08,2023-12-19,17
10768,2602.44,200.19,13,2023-01-01,2023-11-07,13
10769,6190.96,562.81,11,2023-01-13,2023-11-07,11
10770,1832.55,203.62,9,2023-02-03,2023-11-17,9
10771,10445.72,652.86,16,2023-02-01,2023-12-31,16
10772,8253.05,634.85,13,2023-02-06,2023-12-15,13
10773,9213.13,614.21,15,2023-04-01,2023-11-08,15
10774,11942.15,853.01,14,2023-01-21,2023-12-27,14
10775,5332.02,444.34,12,2023-01-24,2023-12-01,12
10776,5048.16,458.92,11,2023-01-21,2023-12-25,11
10777,10579.56,813.81,13,2023-02-21,2023-11-29,13
10778,10997.69,578.83,19,2023-01-23,2023-11-27,19
10779,4348.33,228.86,19,2023-01-11,2023-12-16,19
10780,6995.49,437.22,16,2023-01-19,2023-12-25,16
10781,3886.0,259.07,15,2023-01-06,2023-12-23,15
10782,5155.5,396.58,13,2023-03-10,2023-12-20,13
10783,7735.14,595.01,13,2023-01-08,2023-11-06,13
10784,4262.5,224.34,19,2023-01-04,2023-12-22,19
10785,2772.8,198.06,14,2023-03-01,2023-12-15,14
10786,6274.76,418.32,15,2023-01-19,2023-12-16,15
10787,7951.56,611.66,13,2023-02-12,2023-12-27,13
10788,10523.68,809.51,13,2023-01-07,2023-11-02,13
10789,10273.49,856.12,12,2023-03-24,2023-11-28,12
10790,6414.83,583.17,11,2023-02-11,2023-12-15,11
10791,7557.0,472.31,16,2023-01-02,2023-12-31,16
10792,3981.65,306.28,13,2023-01-07,2023-12-29,13
10793,5134.55,285.25,18,2023-01-23,2023-12-26,18
10794,8498.74,499.93,17,2023-01-03,2023-12-13,17
10795,4945.6,247.28,20,2023-01-18,2023-11-16,20
10796,7721.52,350.98,22,2023-01-01,2023-12-26,22
10797,2465.86,224.17,11,2023-05-01,2023-12-26,11
10798,8067.11,384.15,21,2023-01-06,2023-12-22,21
10799,2418.65,172.76,14,2023-01-28,2023-11-23,14
10800,1203.52,109.41,11,2023-01-01,2023-11-06,11
10801,9226.54,576.66,16,2023-03-17,2023-11-17,16
10802,3375.0,241.07,14,2023-01-04,2023-12-22,14
10803,4819.01,401.58,12,2023-01-14,2023-12-30,12
10804,9512.02,951.2,10,2023-01-02,2023-11-29,10
10805,2653.78,204.14,13,2023-01-07,2023-11-26,13
10806,6687.3,477.66,14,2023-01-11,2023-11-20,14
10807,4622.0,271.88,17,2023-01-02,2023-12-31,17
10808,2720.84,226.74,12,2023-02-14,2023-11-27,12
10809,11655.39,777.03,15,2023-03-29,2023-12-17,15
10810,10616.58,530.83,20,2023-01-08,2023-12-18,20
10811,2635.35,188.24,14,2023-01-20,2023-12-09,14
10812,3315.55,255.04,13,2023-01-20,2023-12-27,13
10813,5390.16,359.34,15,2023-01-28,2023-12-22,15
10814,10536.35,585.35,18,2023-01-10,2023-11-05,18
10815,3512.39,250.89,14,2023-01-02,2023-12-17,14
10816,9348.71,623.25,15,2023-01-04,2023-12-07,15
10817,8113.27,507.08,16,2023-01-05,2023-12-07,16
10818,12646.61,665.61,19,2023-01-02,2023-12-19,19
10819,5001.89,294.23,17,2023-01-28,2023-12-29,17
10820,10342.01,608.35,17,2023-01-18,2023-12-04,17
10821,5978.72,314.67,19,2023-01-06,2023-12-31,19
10822,5497.05,274.85,20,2023-01-11,2023-12-21,20
10823,5854.0,418.14,14,2023-01-18,2023-10-30,14
10824,3910.96,300.84,13,2023-02-14,2023-12-15,13
10825,4062.29,253.89,16,2023-01-02,2023-11-30,16
10826,6784.23,452.28,15,2023-02-21,2023-12-16,15
10827,11300.37,807.17,14,2023-01-02,2023-12-22,14
10828,1859.23,123.95,15,2023-01-10,2023-11-22,15
10829,6904.99,406.18,17,2023-01-09,2023-12-20,17
10830,10988.53,457.86,24,2023-01-01,2023-12-16,24
10831,8668.55,619.18,14,2023-01-07,2023-12-31,14
10832,6638.54,510.66,13,2023-02-04,2023-12-31,13
10833,6259.13,521.59,12,2023-02-19,2023-12-13,12
10834,10204.44,510.22,20,2023-01-23,2023-12-29,20
10835,9559.72,597.48,16,2023-02-10,2023-11-22,16
10836,6813.74,340.69,20,2023-01-09,2023-12-06,20
10837,7390.24,568.48,13,2023-02-04,2023-12-12,13
10838,10751.11,632.42,17,2023-01-06,2023-12-27,17
10839,3695.1,246.34,15,2023-01-03,2023-11-04,15
10840,6602.5,471.61,14,2023-01-16,2023-12-08,14
10841,3938.11,393.81,10,2023-01-12,2023-12-03,10
10842,9237.95,543.41,17,2023-02-08,2023-11-23,17
10843,13953.91,1162.83,12,2023-01-15,2023-12-08,12
10844,3578.52,325.32,11,2023-02-23,2023-11-24,11
10845,5886.92,392.46,15,2023-01-23,2023-12-24,15
10846,3820.42,318.37,12,2023-01-17,2023-10-18,12
10847,917.43,131.06,7,2023-01-24,2023-11-15,7
10848,8105.77,506.61,16,2023-01-23,2023-12-15,16
10849,11683.39,730.21,16,2023-01-21,2023-11-21,16
10850,2924.15,324.91,9,2023-05-29,2023-12-23,9
10851,7707.5,428.19,18,2023-01-11,2023-12-18,18
10852,6127.65,437.69,14,2023-01-12,2023-12-25,14
10853,7425.94,618.83,12,2023-02-27,2023-12-29,12
10854,5806.01,387.07,15,2023-04-07,2023-12-22,15
10855,5529.25,502.66,11,2023-01-29,2023-08-17,11
10856,2848.71,189.91,15,2023-01-01,2023-12-23,15
10857,11292.99,451.72,25,2023-01-05,2023-12-03,25
10858,7485.22,440.31,17,2023-02-28,2023-12-15,17
10859,7641.28,509.42,15,2023-01-14,2023-12-30,15
10860,9453.77,497.57,19,2023-01-22,2023-12-29,19
10861,20622.57,824.9,25,2023-01-09,2023-11-05,25
10862,689.39,86.17,8,2023-02-09,2023-12-29,8
10863,14206.7,526.17,27,2023-02-11,2023-12-31,27
10864,9435.08,673.93,14,2023-01-18,2023-12-19,14
10865,1342.04,122.0,11,2023-01-27,2023-12-04,11
10866,5115.94,269.26,19,2023-01-19,2023-11-25,19
10867,2752.01,305.78,9,2023-01-25,2023-12-01,9
10868,7094.83,417.34,17,2023-02-08,2023-11-18,17
10869,4848.96,303.06,16,2023-01-31,2023-12-13,16
10870,4444.66,341.9,13,2023-01-17,2023-12-25,13
10871,13796.34,862.27,16,2023-01-01,2023-12-30,16
10872,6779.98,376.67,18,2023-03-22,2023-12-29,18
10873,1098.47,137.31,8,2023-01-24,2023-11-18,8
10874,5623.46,330.79,17,2023-02-09,2023-12-19,17
10875,4040.48,237.68,17,2023-01-06,2023-12-16,17
10876,10729.25,825.33,13,2023-01-21,2023-12-26,13
10877,5497.49,499.77,11,2023-01-04,2023-12-01,11
10878,3062.88,278.44,11,2023-01-15,2023-12-11,11
10879,7186.95,449.18,16,2023-01-01,2023-11-09,16
10880,8921.74,594.78,15,2023-02-01,2023-11-13,15
10881,4139.34,459.93,9,2023-01-14,2023-12-06,9
10882,6051.15,550.1,11,2023-03-12,2023-11-29,11
10883,17743.4,771.45,23,2023-01-25,2023-12-20,23
10884,5214.03,372.43,14,2023-02-09,2023-11-13,14
10885,2666.93,296.33,9,2023-02-12,2023-11-24,9
10886,4789.19,532.13,9,2023-01-28,2023-11-05,9
10887,14802.22,643.57,23,2023-01-12,2023-12-15,23
10888,5103.22,268.59,19,2023-01-09,2023-12-18,19
10889,1237.39,103.12,12,2023-01-27,2023-12-31,12
10890,6367.2,353.73,18,2023-01-27,2023-12-03,18
10891,3591.14,399.02,9,2023-03-05,2023-11-28,9
10892,6668.2,555.68,12,2023-01-17,2023-12-31,12
10893,6662.65,555.22,12,2023-01-03,2023-11-22,12
10894,2708.65,270.86,10,2023-01-13,2023-12-22,10
10895,5361.44,487.4,11,2023-03-18,2023-10-31,11
10896,13385.57,743.64,18,2023-01-04,2023-12-28,18
10897,7328.92,563.76,13,2023-01-05,2023-09-16,13
10898,10109.46,561.64,18,2023-02-11,2023-12-22,18
10899,4866.02,221.18,22,2023-01-25,2023-12-18,22
10900,3088.76,343.2,9,2023-01-14,2023-12-18,9
10901,7380.68,410.04,18,2023-01-28,2023-12-07,18
10902,8518.35,655.26,13,2023-01-04,2023-11-07,13
10903,4883.58,443.96,11,2023-01-01,2023-10-31,11
10904,10578.49,661.16,16,2023-01-06,2023-12-22,16
10905,10353.27,544.91,19,2023-01-10,2023-12-21,19
10906,8538.82,426.94,20,2023-01-17,2023-12-16,20
10907,3442.3,312.94,11,2023-02-16,2023-10-08,11
10908,16246.67,855.09,19,2023-01-11,2023-12-23,19
10909,10634.99,590.83,18,2023-01-24,2023-12-16,18
10910,12596.73,1049.73,12,2023-02-10,2023-12-19,12
10911,2491.16,207.6,12,2023-02-22,2023-11-12,12
10912,12499.67,892.83,14,2023-01-05,2023-11-13,14
10913,13977.38,822.2,17,2023-02-05,2023-10-22,17
10914,9310.52,931.05,10,2023-01-20,2023-11-25,10
10915,2689.14,206.86,13,2023-01-03,2023-12-04,13
10916,7243.91,402.44,18,2023-01-02,2023-12-01,18
10917,4148.13,319.09,13,2023-01-05,2023-11-28,13
10918,6530.07,326.5,20,2023-02-06,2023-12-31,20
10919,3375.47,210.97,16,2023-01-25,2023-12-19,16
10920,4903.35,222.88,22,2023-01-03,2023-12-06,22
10921,10858.71,603.26,18,2023-03-03,2023-12-28,18
10922,4073.49,239.62,17,2023-03-27,2023-12-23,17
10923,12371.4,883.67,14,2023-01-20,2023-12-08,14
10924,8994.34,473.39,19,2023-01-08,2023-12-19,19
10925,6366.46,454.75,14,2023-03-08,2023-12-28,14
10926,10021.33,527.44,19,2023-01-10,2023-12-31,19
10927,1752.74,146.06,12,2023-03-03,2023-12-21,12
10928,16690.09,1043.13,16,2023-01-05,2023-12-28,16
10929,8605.61,478.09,18,2023-01-09,2023-10-19,18
10930,2600.77,185.77,14,2023-01-24,2023-12-16,14
10931,6502.58,541.88,12,2023-02-04,2023-11-04,12
10932,6689.16,334.46,20,2023-01-07,2023-12-08,20
10933,4552.33,206.92,22,2023-01-16,2023-12-25,22
10934,4692.36,293.27,16,2023-03-01,2023-12-02,16
10935,15134.18,890.25,17,2023-01-20,2023-12-09,17
10936,4865.82,270.32,18,2023-01-10,2023-12-04,18
10937,7169.89,512.14,14,2023-01-28,2023-12-24,14
10938,7980.75,570.05,14,2023-01-07,2023-12-16,14
10939,4054.43,337.87,12,2023-01-27,2023-12-30,12
10940,4794.77,435.89,11,2023-01-02,2023-12-30,11
10941,5209.7,473.61,11,2023-02-11,2023-11-27,11
10942,6778.4,423.65,16,2023-01-09,2023-12-13,16
10943,7258.59,1036.94,7,2023-02-25,2023-09-23,7
10944,4710.08,247.9,19,2023-01-01,2023-12-20,19
10945,5154.63,396.51,13,2023-01-12,2023-12-11,13
10946,7249.92,426.47,17,2023-03-26,2023-12-25,17
10947,8462.83,528.93,16,2023-01-07,2023-12-16,16
10948,4756.18,339.73,14,2023-01-03,2023-12-23,14
10949,8425.35,495.61,17,2023-01-09,2023-11-26,17
10950,4139.59,295.68,14,2023-02-10,2023-12-20,14
10951,5923.82,658.2,9,2023-02-17,2023-10-25,9
10952,2448.85,204.07,12,2023-01-12,2023-12-13,12
10953,3099.27,238.41,13,2023-02-19,2023-12-03,13
10954,6885.38,491.81,14,2023-02-05,2023-12-17,14
10955,14147.77,832.22,17,2023-01-08,2023-12-04,17
10956,5192.61,324.54,16,2023-01-04,2023-12-24,16
10957,10031.19,626.95,16,2023-02-20,2023-12-29,16
10958,4306.2,253.31,17,2023-01-17,2023-12-27,17
10959,5510.58,459.22,12,2023-04-04,2023-11-10,12
10960,6763.45,676.34,10,2023-01-09,2023-12-23,10
10961,4433.81,369.48,12,2023-01-23,2023-11-06,12
10962,8057.37,473.96,17,2023-01-22,2023-12-23,17
10963,4263.53,266.47,16,2023-01-08,2023-12-12,16
10964,4517.45,410.68,11,2023-01-23,2023-09-02,11
10965,8154.48,388.31,21,2023-01-13,2023-12-09,21
10966,10119.34,532.6,19,2023-02-02,2023-12-29,19
10967,3025.03,336.11,9,2023-01-25,2023-12-31,9
10968,6911.76,345.59,20,2023-01-21,2023-12-20,20
10969,10143.15,633.95,16,2023-01-04,2023-11-21,16
10970,4312.86,226.99,19,2023-02-08,2023-11-14,19
10971,12198.35,717.55,17,2023-01-03,2023-12-30,17
10972,13047.68,724.87,18,2023-03-02,2023-12-24,18
10973,5019.93,501.99,10,2023-01-28,2023-10-21,10
10974,4543.87,302.92,15,2023-01-13,2023-12-10,15
10975,6597.25,439.82,15,2023-01-05,2023-11-09,15
10976,5955.54,350.33,17,2023-02-06,2023-11-03,17
10977,4516.6,752.77,6,2023-03-31,2023-12-18,6
10978,5330.37,280.55,19,2023-01-21,2023-12-25,19
10979,2523.86,157.74,16,2023-02-10,2023-12-15,16
10980,10535.62,702.37,15,2023-01-11,2023-12-06,15
10981,2872.35,179.52,16,2023-01-09,2023-12-14,16
10982,15897.83,794.89,20,2023-01-18,2023-11-28,20
10983,7471.08,498.07,15,2023-01-03,2023-12-21,15
10984,7281.06,910.13,8,2023-01-08,2023-10-25,8
10985,12545.82,597.42,21,2023-01-13,2023-12-21,21
10986,10215.44,537.65,19,2023-02-01,2023-12-29,19
10987,9457.38,497.76,19,2023-02-02,2023-12-20,19
10988,6787.0,424.19,16,2023-01-21,2023-12-05,16
10989,5540.4,346.28,16,2023-01-27,2023-12-20,16
10990,8235.14,633.47,13,2023-01-09,2023-12-20,13
10991,7100.25,546.17,13,2023-01-04,2023-12-13,13
10992,9758.96,424.3,23,2023-01-13,2023-12-27,23
10993,5754.08,411.01,14,2023-02-01,2023-12-31,14
10994,4866.92,243.35,20,2023-02-10,2023-12-29,20
10995,6099.29,406.62,15,2023-01-02,2023-11-09,15
10996,6171.78,617.18,10,2023-03-10,2023-12-10,10
10997,7229.59,602.47,12,2023-01-14,2023-11-19,12
10998,9336.71,518.71,18,2023-01-26,2023-12-26,18
10999,4821.27,370.87,13,2023-02-12,2023-12-20,13
11000,3936.97,357.91,11,2023-01-03,2023-12-06,11
