CustomerID,Recency,Frequency,Monetary,R_Score,F_Score,M_Score,RFM_Score,Segment
10001,16,17,14733.6,3,4,5,345,Loyal Customers
10002,44,17,5958.39,1,4,3,143,Others
10003,4,16,9133.31,5,3,4,534,Others
10004,39,16,13490.72,1,3,5,135,Others
10005,25,13,7567.38,2,2,4,224,Others
10006,63,11,5590.68,1,1,3,113,Others
10007,39,13,5414.56,1,2,2,122,Others
10008,8,12,8032.94,4,1,4,414,Others
10009,26,17,7272.83,2,4,4,244,Others
10010,6,14,9189.9,5,2,4,524,Others
10011,2,15,12448.32,5,3,5,535,Others
10012,25,13,4830.39,2,2,2,222,Others
10013,8,14,4261.41,4,2,2,422,Potential Loyalists
10014,8,6,3000.66,4,1,1,411,Potential Loyalists
10015,6,17,5594.13,5,4,3,543,Loyal Customers
10016,3,15,3786.41,5,3,1,531,Others
10017,28,11,5950.77,2,1,3,213,Others
10018,9,11,5564.0,4,1,3,413,Others
10019,16,14,8414.81,3,2,4,324,Others
10020,45,13,8623.28,1,2,4,124,Others
10021,16,9,6092.04,3,1,3,313,Others
10022,3,17,8343.17,5,4,4,544,Champions
10023,8,12,1858.34,4,1,1,411,Potential Loyalists
10024,4,17,7322.51,5,4,4,544,Champions
10025,10,13,6579.37,4,2,3,423,Others
10026,105,11,2290.1,1,1,1,111,Others
10027,48,18,3030.8,1,4,1,141,Others
10028,45,14,6089.68,1,2,3,123,Others
10029,8,18,7055.47,4,4,3,443,Others
10030,101,6,856.31,1,1,1,111,Others
10031,21,16,7036.96,3,3,3,333,Others
10032,16,15,5141.97,3,3,2,332,Others
10033,13,18,13645.66,3,4,5,345,Loyal Customers
10034,12,15,9285.2,4,3,4,434,Others
10035,10,17,8830.15,4,4,4,444,Loyal Customers
10036,26,9,2470.83,2,1,1,211,Others
10037,54,14,6815.28,1,2,3,123,Others
10038,1,19,12475.55,5,5,5,555,Champions
10039,39,13,8272.18,1,2,4,124,Others
10040,70,11,6356.94,1,1,3,113,Others
10041,44,11,3752.02,1,1,1,111,Others
10042,7,15,3726.35,4,3,1,431,Others
10043,9,18,8605.19,4,4,4,444,Loyal Customers
10044,2,13,2063.66,5,2,1,521,New Customers
10045,36,18,7471.04,2,4,4,244,Others
10046,22,14,4310.59,3,2,2,322,Others
10047,18,17,8190.58,3,4,4,344,Loyal Customers
10048,8,12,5312.04,4,1,2,412,Potential Loyalists
10049,11,11,1430.68,4,1,1,411,Potential Loyalists
10050,17,16,8624.23,3,3,4,334,Others
10051,10,11,4516.84,4,1,2,412,Potential Loyalists
10052,23,12,6622.1,2,1,3,213,Others
10053,39,9,1728.26,1,1,1,111,Others
10054,12,14,9793.1,4,2,5,425,Others
10055,25,19,7044.99,2,5,3,253,Others
10056,14,11,2847.3,3,1,1,311,Potential Loyalists
10057,36,12,6911.59,2,1,3,213,Others
10058,8,13,10055.08,4,2,5,425,Others
10059,45,12,8829.61,1,1,4,114,At Risk
10060,17,8,4474.52,3,1,2,312,Others
10061,1,15,6299.73,5,3,3,533,New Customers
10062,37,15,7504.99,2,3,4,234,Others
10063,3,15,7497.89,5,3,4,534,Others
10064,27,10,1765.81,2,1,1,211,Others
10065,31,16,15366.95,2,3,5,235,Others
10066,10,15,13313.98,4,3,5,435,Loyal Customers
10067,18,12,11497.56,3,1,5,315,Others
10068,21,17,4049.22,3,4,2,342,Others
10069,16,16,16422.36,3,3,5,335,Loyal Customers
10070,37,19,6538.0,2,5,3,253,Others
10071,3,13,2036.61,5,2,1,521,New Customers
10072,39,15,4408.16,1,3,2,132,Others
10073,3,17,7652.39,5,4,4,544,Champions
10074,6,16,5218.34,5,3,2,532,New Customers
10075,13,19,16678.61,3,5,5,355,Loyal Customers
10076,8,11,3930.17,4,1,2,412,Potential Loyalists
10077,29,13,10182.5,2,2,5,225,Others
10078,20,15,2751.67,3,3,1,331,Others
10079,11,18,10588.56,4,4,5,445,Champions
10080,5,17,8672.02,5,4,4,544,Champions
10081,6,14,3639.45,5,2,1,521,New Customers
10082,12,26,17915.09,4,5,5,455,Champions
10083,24,13,10993.29,2,2,5,225,Others
10084,2,13,2102.11,5,2,1,521,New Customers
10085,22,18,7966.41,3,4,4,344,Loyal Customers
10086,2,19,9781.33,5,5,5,555,Champions
10087,28,13,14113.9,2,2,5,225,Others
10088,37,10,3388.28,2,1,1,211,Others
10089,20,19,6882.67,3,5,3,353,Others
10090,14,13,7874.3,3,2,4,324,Others
10091,4,15,6679.17,5,3,3,533,New Customers
10092,12,17,6914.35,4,4,3,443,Others
10093,8,15,6828.5,4,3,3,433,Others
10094,23,16,14034.93,2,3,5,235,Others
10095,26,14,4536.69,2,2,2,222,Others
10096,29,23,7722.89,2,5,4,254,Cannot Lose Them
10097,14,20,4019.63,3,5,2,352,Others
10098,37,16,5425.19,2,3,2,232,Others
10099,17,17,2533.43,3,4,1,341,Others
10100,10,14,5636.71,4,2,3,423,Others
10101,4,16,7604.08,5,3,4,534,Others
10102,26,15,10396.81,2,3,5,235,Others
10103,12,19,4829.12,4,5,2,452,Others
10104,99,11,3482.3,1,1,1,111,Others
10105,9,15,14101.7,4,3,5,435,Loyal Customers
10106,9,15,2010.94,4,3,1,431,Others
10107,15,20,7229.25,3,5,4,354,Loyal Customers
10108,12,20,8195.33,4,5,4,454,Champions
10109,13,13,7562.49,3,2,4,324,Others
10110,12,23,9586.95,4,5,5,455,Champions
10111,42,13,9820.84,1,2,5,125,Others
10112,35,13,10974.43,2,2,5,225,Others
10113,10,16,5402.07,4,3,2,432,Others
10114,32,13,4495.71,2,2,2,222,Others
10115,61,9,2808.04,1,1,1,111,Others
10116,45,13,5135.88,1,2,2,122,Others
10117,10,15,4955.64,4,3,2,432,Others
10118,4,16,18252.67,5,3,5,535,Others
10119,56,20,2480.32,1,5,1,151,Others
10120,9,12,2392.32,4,1,1,411,Potential Loyalists
10121,23,15,4643.66,2,3,2,232,Others
10122,86,14,3477.46,1,2,1,121,Others
10123,28,18,11816.74,2,4,5,245,Cannot Lose Them
10124,1,16,8798.42,5,3,4,534,Others
10125,51,12,1850.04,1,1,1,111,Others
10126,29,16,8856.1,2,3,4,234,Others
10127,22,14,5886.3,3,2,3,323,Others
10128,39,12,4561.17,1,1,2,112,Others
10129,7,13,3624.91,4,2,1,421,Potential Loyalists
10130,48,20,13370.59,1,5,5,155,At Risk
10131,47,9,2454.1,1,1,1,111,Others
10132,11,13,8162.82,4,2,4,424,Others
10133,91,6,1507.99,1,1,1,111,Others
10134,29,16,7828.15,2,3,4,234,Others
10135,15,18,8575.24,3,4,4,344,Loyal Customers
10136,56,7,1620.79,1,1,1,111,Others
10137,12,17,7368.54,4,4,4,444,Loyal Customers
10138,3,19,8682.09,5,5,4,554,Champions
10139,27,17,8901.92,2,4,4,244,Others
10140,66,14,9649.08,1,2,5,125,Others
10141,59,17,7880.91,1,4,4,144,At Risk
10142,21,18,11593.43,3,4,5,345,Loyal Customers
10143,36,16,6391.16,2,3,3,233,Others
10144,68,19,9597.59,1,5,5,155,At Risk
10145,72,11,4339.68,1,1,2,112,Others
10146,9,16,2645.58,4,3,1,431,Others
10147,10,18,5168.3,4,4,2,442,Others
10148,15,12,2951.36,3,1,1,311,Potential Loyalists
10149,21,16,10964.82,3,3,5,335,Loyal Customers
10150,1,12,2376.76,5,1,1,511,Potential Loyalists
10151,26,16,6405.33,2,3,3,233,Others
10152,17,17,4202.11,3,4,2,342,Others
10153,31,13,4072.35,2,2,2,222,Others
10154,5,12,13035.78,5,1,5,515,Others
10155,13,15,8473.84,3,3,4,334,Others
10156,15,18,6831.59,3,4,3,343,Others
10157,56,13,9966.42,1,2,5,125,Others
10158,19,14,6235.43,3,2,3,323,Others
10159,21,19,7029.94,3,5,3,353,Others
10160,14,17,8520.33,3,4,4,344,Loyal Customers
10161,27,18,11958.18,2,4,5,245,Cannot Lose Them
10162,27,11,6235.96,2,1,3,213,Others
10163,11,15,6465.61,4,3,3,433,Others
10164,23,12,7228.29,2,1,4,214,At Risk
10165,50,13,3547.41,1,2,1,121,Others
10166,48,10,8850.62,1,1,4,114,At Risk
10167,68,12,1809.83,1,1,1,111,Others
10168,23,17,7499.81,2,4,4,244,Others
10169,19,16,4258.46,3,3,2,332,Others
10170,18,12,6621.73,3,1,3,313,Others
10171,6,13,4583.72,5,2,2,522,New Customers
10172,47,8,2190.71,1,1,1,111,Others
10173,3,14,4521.81,5,2,2,522,New Customers
10174,16,16,7583.51,3,3,4,334,Others
10175,75,13,7029.08,1,2,3,123,Others
10176,28,10,8218.37,2,1,4,214,At Risk
10177,16,18,12951.54,3,4,5,345,Loyal Customers
10178,20,17,3801.13,3,4,1,341,Others
10179,10,19,15012.4,4,5,5,455,Champions
10180,15,21,15577.28,3,5,5,355,Loyal Customers
10181,32,10,4145.21,2,1,2,212,Others
10182,32,9,1666.22,2,1,1,211,Others
10183,9,16,12089.81,4,3,5,435,Loyal Customers
10184,1,17,3449.55,5,4,1,541,Others
10185,39,11,3063.61,1,1,1,111,Others
10186,10,15,14820.76,4,3,5,435,Loyal Customers
10187,28,13,6107.9,2,2,3,223,Others
10188,38,11,2248.31,2,1,1,211,Others
10189,1,16,5129.13,5,3,2,532,New Customers
10190,21,19,5614.18,3,5,3,353,Others
10191,4,17,5442.15,5,4,3,543,Loyal Customers
10192,10,11,3318.2,4,1,1,411,Potential Loyalists
10193,25,19,4252.39,2,5,2,252,Others
10194,40,14,14263.92,1,2,5,125,Others
10195,14,19,7326.54,3,5,4,354,Loyal Customers
10196,15,20,10397.54,3,5,5,355,Loyal Customers
10197,3,15,7941.5,5,3,4,534,Others
10198,64,15,7767.54,1,3,4,134,Others
10199,26,17,7121.31,2,4,3,243,Others
10200,42,16,3407.24,1,3,1,131,Others
10201,11,13,3836.44,4,2,1,421,Potential Loyalists
10202,11,12,7754.35,4,1,4,414,Others
10203,14,13,7594.72,3,2,4,324,Others
10204,19,20,6117.92,3,5,3,353,Others
10205,10,22,8287.2,4,5,4,454,Champions
10206,9,12,7473.1,4,1,4,414,Others
10207,22,19,7558.58,3,5,4,354,Loyal Customers
10208,90,11,4009.46,1,1,2,112,Others
10209,14,9,12014.52,3,1,5,315,Others
10210,23,13,3427.69,2,2,1,221,Others
10211,13,15,5388.66,3,3,2,332,Others
10212,14,14,5107.94,3,2,2,322,Others
10213,25,15,6032.26,2,3,3,233,Others
10214,10,16,4343.05,4,3,2,432,Others
10215,12,10,3628.94,4,1,1,411,Potential Loyalists
10216,21,21,14585.04,3,5,5,355,Loyal Customers
10217,27,18,10416.1,2,4,5,245,Cannot Lose Them
10218,4,18,4982.0,5,4,2,542,New Customers
10219,3,16,6234.82,5,3,3,533,New Customers
10220,33,15,4499.43,2,3,2,232,Others
10221,11,12,3725.76,4,1,1,411,Potential Loyalists
10222,26,18,4141.62,2,4,2,242,Others
10223,10,14,7917.12,4,2,4,424,Others
10224,12,17,14988.34,4,4,5,445,Champions
10225,40,20,8538.63,1,5,4,154,At Risk
10226,9,16,11079.97,4,3,5,435,Loyal Customers
10227,10,13,5591.48,4,2,3,423,Others
10228,18,13,2860.43,3,2,1,321,Others
10229,7,18,6350.24,4,4,3,443,Others
10230,9,16,6022.84,4,3,3,433,Others
10231,2,10,8707.76,5,1,4,514,Others
10232,12,10,1808.16,4,1,1,411,Potential Loyalists
10233,31,20,8816.61,2,5,4,254,Cannot Lose Them
10234,4,15,6069.3,5,3,3,533,New Customers
10235,63,15,4528.46,1,3,2,132,Others
10236,24,16,4032.18,2,3,2,232,Others
10237,46,16,8617.54,1,3,4,134,Others
10238,38,9,2540.91,2,1,1,211,Others
10239,42,11,4144.13,1,1,2,112,Others
10240,54,14,9451.63,1,2,5,125,Others
10241,14,20,4363.91,3,5,2,352,Others
10242,19,18,13766.35,3,4,5,345,Loyal Customers
10243,63,13,4688.55,1,2,2,122,Others
10244,18,11,5610.54,3,1,3,313,Others
10245,45,12,2527.68,1,1,1,111,Others
10246,139,7,679.07,1,1,1,111,Others
10247,8,16,8759.83,4,3,4,434,Others
10248,1,13,10489.62,5,2,5,525,Others
10249,17,13,5691.77,3,2,3,323,Others
10250,18,22,8336.26,3,5,4,354,Loyal Customers
10251,29,21,4138.99,2,5,2,252,Others
10252,15,12,3539.07,3,1,1,311,Potential Loyalists
10253,22,18,10494.25,3,4,5,345,Loyal Customers
10254,6,14,5966.64,5,2,3,523,New Customers
10255,1,14,7350.01,5,2,4,524,Others
10256,15,20,14164.09,3,5,5,355,Loyal Customers
10257,27,21,15004.08,2,5,5,255,Others
10258,16,19,11665.06,3,5,5,355,Loyal Customers
10259,39,17,3845.57,1,4,1,141,Others
10260,129,5,5163.03,1,1,2,112,Others
10261,32,15,3678.68,2,3,1,231,Others
10262,14,17,10820.17,3,4,5,345,Loyal Customers
10263,7,15,8421.65,4,3,4,434,Others
10264,17,20,3887.72,3,5,2,352,Others
10265,5,15,11375.7,5,3,5,535,Others
10266,9,14,7515.18,4,2,4,424,Others
10267,9,15,6100.8,4,3,3,433,Others
10268,10,12,3446.33,4,1,1,411,Potential Loyalists
10269,7,13,5228.16,4,2,2,422,Potential Loyalists
10270,1,18,14228.14,5,4,5,545,Champions
10271,58,12,4140.03,1,1,2,112,Others
10272,13,11,2533.01,3,1,1,311,Potential Loyalists
10273,8,11,6847.16,4,1,3,413,Others
10274,1,11,7254.86,5,1,4,514,Others
10275,39,8,8263.77,1,1,4,114,At Risk
10276,28,11,4321.48,2,1,2,212,Others
10277,1,12,4954.79,5,1,2,512,Potential Loyalists
10278,35,10,8381.64,2,1,4,214,At Risk
10279,24,13,7900.49,2,2,4,224,Others
10280,1,22,11555.68,5,5,5,555,Champions
10281,27,21,21403.48,2,5,5,255,Others
10282,11,13,5343.3,4,2,2,422,Potential Loyalists
10283,41,11,5067.33,1,1,2,112,Others
10284,10,11,4544.81,4,1,2,412,Potential Loyalists
10285,50,10,4918.99,1,1,2,112,Others
10286,13,9,8379.37,3,1,4,314,Others
10287,46,14,5885.84,1,2,3,123,Others
10288,34,13,1387.59,2,2,1,221,Others
10289,10,15,5889.95,4,3,3,433,Others
10290,21,13,3174.24,3,2,1,321,Others
10291,3,16,4679.78,5,3,2,532,New Customers
10292,24,21,14901.73,2,5,5,255,Others
10293,41,10,6657.55,1,1,3,113,Others
10294,1,16,8327.85,5,3,4,534,Others
10295,36,10,3554.97,2,1,1,211,Others
10296,22,18,7587.26,3,4,4,344,Loyal Customers
10297,9,21,10844.89,4,5,5,455,Champions
10298,4,21,4742.19,5,5,2,552,Others
10299,48,16,5119.22,1,3,2,132,Others
10300,4,18,11332.52,5,4,5,545,Champions
10301,25,13,9780.42,2,2,5,225,Others
10302,6,19,11545.73,5,5,5,555,Champions
10303,71,16,6937.3,1,3,3,133,Others
10304,49,16,7446.41,1,3,4,134,Others
10305,34,14,10627.54,2,2,5,225,Others
10306,72,13,2134.83,1,2,1,121,Others
10307,6,9,7219.23,5,1,4,514,Others
10308,1,10,3986.62,5,1,2,512,Potential Loyalists
10309,15,25,10699.39,3,5,5,355,Loyal Customers
10310,6,7,2533.78,5,1,1,511,Potential Loyalists
10311,7,17,9315.76,4,4,4,444,Loyal Customers
10312,6,19,14208.18,5,5,5,555,Champions
10313,37,15,8587.05,2,3,4,234,Others
10314,33,13,3899.97,2,2,2,222,Others
10315,33,7,1655.32,2,1,1,211,Others
10316,54,10,3625.32,1,1,1,111,Others
10317,43,11,5518.58,1,1,3,113,Others
10318,15,16,12283.77,3,3,5,335,Loyal Customers
10319,30,11,7955.81,2,1,4,214,At Risk
10320,67,17,6525.03,1,4,3,143,Others
10321,10,16,8317.34,4,3,4,434,Others
10322,9,14,10010.35,4,2,5,425,Others
10323,84,14,4104.98,1,2,2,122,Others
10324,15,15,3747.44,3,3,1,331,Others
10325,13,15,11284.09,3,3,5,335,Loyal Customers
10326,8,14,6224.99,4,2,3,423,Others
10327,109,14,8451.88,1,2,4,124,Others
10328,37,15,3161.32,2,3,1,231,Others
10329,37,15,3658.21,2,3,1,231,Others
10330,69,10,2340.49,1,1,1,111,Others
10331,58,10,1819.77,1,1,1,111,Others
10332,5,14,8284.92,5,2,4,524,Others
10333,26,10,3632.94,2,1,1,211,Others
10334,3,19,7690.66,5,5,4,554,Champions
10335,4,9,4426.24,5,1,2,512,Potential Loyalists
10336,29,16,11768.67,2,3,5,235,Others
10337,13,15,2743.3,3,3,1,331,Others
10338,1,10,2502.55,5,1,1,511,Potential Loyalists
10339,18,17,7468.32,3,4,4,344,Loyal Customers
10340,9,14,10246.37,4,2,5,425,Others
10341,26,10,5332.22,2,1,2,212,Others
10342,12,12,7724.31,4,1,4,414,Others
10343,103,11,2546.23,1,1,1,111,Others
10344,58,12,5541.47,1,1,3,113,Others
10345,5,23,10822.26,5,5,5,555,Champions
10346,19,15,9099.17,3,3,4,334,Others
10347,13,12,8327.01,3,1,4,314,Others
10348,40,20,5770.02,1,5,3,153,Others
10349,7,19,6680.93,4,5,3,453,Others
10350,37,14,13448.97,2,2,5,225,Others
10351,3,10,3423.04,5,1,1,511,Potential Loyalists
10352,21,10,3982.02,3,1,2,312,Others
10353,10,17,4433.63,4,4,2,442,Others
10354,53,15,17010.9,1,3,5,135,Others
10355,9,19,6632.02,4,5,3,453,Others
10356,20,18,7558.9,3,4,4,344,Loyal Customers
10357,21,14,3612.13,3,2,1,321,Others
10358,15,13,5769.86,3,2,3,323,Others
10359,9,11,3168.56,4,1,1,411,Potential Loyalists
10360,19,21,8405.83,3,5,4,354,Loyal Customers
10361,3,8,7272.69,5,1,4,514,Others
10362,43,16,6187.0,1,3,3,133,Others
10363,4,9,3880.33,5,1,1,511,Potential Loyalists
10364,11,11,7995.76,4,1,4,414,Others
10365,39,16,4142.68,1,3,2,132,Others
10366,78,11,2346.02,1,1,1,111,Others
10367,46,15,11017.66,1,3,5,135,Others
10368,15,10,1767.5,3,1,1,311,Potential Loyalists
10369,62,14,7716.63,1,2,4,124,Others
10370,33,17,5258.9,2,4,2,242,Others
10371,11,22,14579.79,4,5,5,455,Champions
10372,12,15,12564.36,4,3,5,435,Loyal Customers
10373,9,17,9617.63,4,4,5,445,Champions
10374,13,12,6020.42,3,1,3,313,Others
10375,33,18,8940.19,2,4,4,244,Others
10376,8,11,3856.19,4,1,1,411,Potential Loyalists
10377,9,15,4994.91,4,3,2,432,Others
10378,19,12,2340.35,3,1,1,311,Potential Loyalists
10379,4,22,14986.4,5,5,5,555,Champions
10380,11,13,3466.51,4,2,1,421,Potential Loyalists
10381,35,19,3735.82,2,5,1,251,Others
10382,27,11,5414.54,2,1,2,212,Others
10383,10,23,16935.4,4,5,5,455,Champions
10384,76,11,5694.32,1,1,3,113,Others
10385,28,14,8415.27,2,2,4,224,Others
10386,33,13,4650.75,2,2,2,222,Others
10387,2,23,10254.92,5,5,5,555,Champions
10388,23,8,6384.16,2,1,3,213,Others
10389,4,7,888.91,5,1,1,511,Potential Loyalists
10390,13,11,2686.01,3,1,1,311,Potential Loyalists
10391,33,21,10535.3,2,5,5,255,Others
10392,36,17,6999.82,2,4,3,243,Others
10393,16,13,4640.65,3,2,2,322,Others
10394,10,20,7409.37,4,5,4,454,Champions
10395,35,21,5192.73,2,5,2,252,Others
10396,16,16,9280.46,3,3,4,334,Others
10397,20,18,3829.76,3,4,1,341,Others
10398,44,17,4661.98,1,4,2,142,Others
10399,7,18,7968.26,4,4,4,444,Loyal Customers
10400,21,18,10373.95,3,4,5,345,Loyal Customers
10401,13,11,4501.68,3,1,2,312,Others
10402,40,10,8555.72,1,1,4,114,At Risk
10403,3,20,8666.92,5,5,4,554,Champions
10404,1,12,4556.0,5,1,2,512,Potential Loyalists
10405,3,21,11434.14,5,5,5,555,Champions
10406,9,20,7797.84,4,5,4,454,Champions
10407,15,14,8198.28,3,2,4,324,Others
10408,16,17,5519.73,3,4,3,343,Others
10409,21,10,7370.89,3,1,4,314,Others
10410,35,14,2973.32,2,2,1,221,Others
10411,20,22,8717.76,3,5,4,354,Loyal Customers
10412,47,25,4207.77,1,5,2,152,Others
10413,29,8,812.65,2,1,1,211,Others
10414,27,20,6425.63,2,5,3,253,Others
10415,46,12,10889.96,1,1,5,115,At Risk
10416,38,14,8760.66,2,2,4,224,Others
10417,3,16,11961.41,5,3,5,535,Others
10418,21,13,2973.95,3,2,1,321,Others
10419,5,15,3747.04,5,3,1,531,Others
10420,30,11,6701.65,2,1,3,213,Others
10421,2,18,8525.77,5,4,4,544,Champions
10422,3,16,4901.71,5,3,2,532,New Customers
10423,6,13,7678.17,5,2,4,524,Others
10424,16,16,8038.64,3,3,4,334,Others
10425,8,15,3979.95,4,3,2,432,Others
10426,5,14,5236.37,5,2,2,522,New Customers
10427,14,10,5435.0,3,1,3,313,Others
10428,15,14,7048.06,3,2,3,323,Others
10429,4,15,4369.38,5,3,2,532,New Customers
10430,7,17,12158.75,4,4,5,445,Champions
10431,2,13,4150.04,5,2,2,522,New Customers
10432,70,13,3483.71,1,2,1,121,Others
10433,66,13,4724.0,1,2,2,122,Others
10434,7,14,3845.51,4,2,1,421,Potential Loyalists
10435,73,13,8197.32,1,2,4,124,Others
10436,12,11,7258.95,4,1,4,414,Others
10437,1,11,3919.56,5,1,2,512,Potential Loyalists
10438,44,13,2447.2,1,2,1,121,Others
10439,13,12,8563.64,3,1,4,314,Others
10440,5,15,5667.61,5,3,3,533,New Customers
10441,6,15,1841.61,5,3,1,531,Others
10442,1,11,2118.57,5,1,1,511,Potential Loyalists
10443,1,20,5737.34,5,5,3,553,Others
10444,8,24,13372.64,4,5,5,455,Champions
10445,14,17,12413.02,3,4,5,345,Loyal Customers
10446,16,15,5811.15,3,3,3,333,Others
10447,12,13,8740.1,4,2,4,424,Others
10448,24,10,4505.81,2,1,2,212,Others
10449,6,11,6934.87,5,1,3,513,Others
10450,22,19,3125.51,3,5,1,351,Others
10451,25,12,2072.08,2,1,1,211,Others
10452,9,18,5351.34,4,4,2,442,Others
10453,9,20,8838.48,4,5,4,454,Champions
10454,68,13,3139.55,1,2,1,121,Others
10455,37,12,1842.5,2,1,1,211,Others
10456,21,21,8163.37,3,5,4,354,Loyal Customers
10457,5,14,5048.88,5,2,2,522,New Customers
10458,7,19,4806.62,4,5,2,452,Others
10459,43,18,4713.3,1,4,2,142,Others
10460,2,13,4893.8,5,2,2,522,New Customers
10461,40,15,7022.3,1,3,3,133,Others
10462,12,11,5120.32,4,1,2,412,Potential Loyalists
10463,14,18,5569.9,3,4,3,343,Others
10464,75,13,3959.39,1,2,2,122,Others
10465,13,17,11175.36,3,4,5,345,Loyal Customers
10466,42,21,5457.18,1,5,3,153,Others
10467,23,17,11039.11,2,4,5,245,Cannot Lose Them
10468,1,13,5406.12,5,2,2,522,New Customers
10469,2,17,9134.83,5,4,4,544,Champions
10470,86,14,8129.95,1,2,4,124,Others
10471,30,11,2151.36,2,1,1,211,Others
10472,20,17,11396.58,3,4,5,345,Loyal Customers
10473,24,17,5330.62,2,4,2,242,Others
10474,21,11,2281.59,3,1,1,311,Potential Loyalists
10475,6,21,11047.99,5,5,5,555,Champions
10476,23,17,11793.14,2,4,5,245,Cannot Lose Them
10477,16,8,6432.32,3,1,3,313,Others
10478,12,9,5095.45,4,1,2,412,Potential Loyalists
10479,9,16,5988.27,4,3,3,433,Others
10480,5,9,3764.57,5,1,1,511,Potential Loyalists
10481,1,15,9946.08,5,3,5,535,Others
10482,3,19,6217.89,5,5,3,553,Others
10483,7,17,11023.25,4,4,5,445,Champions
10484,15,17,5204.55,3,4,2,342,Others
10485,23,17,5626.53,2,4,3,243,Others
10486,24,16,5642.17,2,3,3,233,Others
10487,43,15,10108.06,1,3,5,135,Others
10488,8,10,8736.71,4,1,4,414,Others
10489,10,22,11780.85,4,5,5,455,Champions
10490,27,15,8273.86,2,3,4,234,Others
10491,1,13,7453.09,5,2,4,524,Others
10492,34,15,4429.34,2,3,2,232,Others
10493,10,18,6915.37,4,4,3,443,Others
10494,4,14,5728.11,5,2,3,523,New Customers
10495,14,25,13824.99,3,5,5,355,Loyal Customers
10496,16,13,6313.19,3,2,3,323,Others
10497,39,16,3669.56,1,3,1,131,Others
10498,28,13,3850.51,2,2,1,221,Others
10499,24,17,4948.04,2,4,2,242,Others
10500,3,9,5797.24,5,1,3,513,Others
10501,1,19,14290.07,5,5,5,555,Champions
10502,7,11,3984.14,4,1,2,412,Potential Loyalists
10503,26,16,6028.07,2,3,3,233,Others
10504,48,18,11070.52,1,4,5,145,Others
10505,6,20,7534.45,5,5,4,554,Champions
10506,18,17,2598.38,3,4,1,341,Others
10507,12,12,12426.64,4,1,5,415,Others
10508,100,14,3882.88,1,2,1,121,Others
10509,18,23,6755.34,3,5,3,353,Others
10510,31,17,5889.9,2,4,3,243,Others
10511,17,10,3467.37,3,1,1,311,Potential Loyalists
10512,2,17,6426.09,5,4,3,543,Loyal Customers
10513,8,13,4729.94,4,2,2,422,Potential Loyalists
10514,38,15,5503.46,2,3,3,233,Others
10515,18,18,9383.7,3,4,5,345,Loyal Customers
10516,17,22,8720.34,3,5,4,354,Loyal Customers
10517,13,12,4564.77,3,1,2,312,Others
10518,6,22,13624.29,5,5,5,555,Champions
10519,11,17,6506.65,4,4,3,443,Others
10520,48,12,10257.39,1,1,5,115,At Risk
10521,2,14,2870.16,5,2,1,521,New Customers
10522,2,12,3205.28,5,1,1,511,Potential Loyalists
10523,36,11,2035.86,2,1,1,211,Others
10524,20,13,12109.89,3,2,5,325,Others
10525,21,20,9242.3,3,5,4,354,Loyal Customers
10526,17,21,7990.2,3,5,4,354,Loyal Customers
10527,36,11,1746.96,2,1,1,211,Others
10528,12,12,4585.43,4,1,2,412,Potential Loyalists
10529,8,20,8113.83,4,5,4,454,Champions
10530,34,15,5339.28,2,3,2,232,Others
10531,32,11,5552.35,2,1,3,213,Others
10532,5,11,3915.77,5,1,2,512,Potential Loyalists
10533,16,10,1116.95,3,1,1,311,Potential Loyalists
10534,12,19,6472.56,4,5,3,453,Others
10535,13,11,4073.15,3,1,2,312,Others
10536,36,19,6314.06,2,5,3,253,Others
10537,2,8,8549.21,5,1,4,514,Others
10538,50,9,3991.8,1,1,2,112,Others
10539,52,20,7521.45,1,5,4,154,At Risk
10540,1,8,5840.59,5,1,3,513,Others
10541,11,21,8539.17,4,5,4,454,Champions
10542,31,20,14370.27,2,5,5,255,Others
10543,38,9,3446.05,2,1,1,211,Others
10544,138,13,7074.1,1,2,3,123,Others
10545,20,8,3137.26,3,1,1,311,Potential Loyalists
10546,39,10,5133.99,1,1,2,112,Others
10547,27,15,7428.56,2,3,4,234,Others
10548,7,26,10174.66,4,5,5,455,Champions
10549,6,14,4687.04,5,2,2,522,New Customers
10550,101,10,4312.67,1,1,2,112,Others
10551,10,16,5376.9,4,3,2,432,Others
10552,3,14,6498.63,5,2,3,523,New Customers
10553,11,15,6373.43,4,3,3,433,Others
10554,42,12,4871.94,1,1,2,112,Others
10555,15,24,15880.97,3,5,5,355,Loyal Customers
10556,5,11,4541.89,5,1,2,512,Potential Loyalists
10557,1,6,3737.9,5,1,1,511,Potential Loyalists
10558,2,15,7409.48,5,3,4,534,Others
10559,15,14,7382.96,3,2,4,324,Others
10560,107,13,6875.72,1,2,3,123,Others
10561,32,13,2625.45,2,2,1,221,Others
10562,68,13,6010.0,1,2,3,123,Others
10563,23,13,8493.51,2,2,4,224,Others
10564,3,23,10670.66,5,5,5,555,Champions
10565,51,16,3726.37,1,3,1,131,Others
10566,19,14,1874.12,3,2,1,321,Others
10567,33,11,5478.52,2,1,3,213,Others
10568,22,19,5184.28,3,5,2,352,Others
10569,6,16,2856.01,5,3,1,531,Others
10570,9,19,6613.1,4,5,3,453,Others
10571,11,15,7953.99,4,3,4,434,Others
10572,1,17,10209.15,5,4,5,545,Champions
10573,20,14,6929.66,3,2,3,323,Others
10574,48,11,1081.66,1,1,1,111,Others
10575,34,16,4562.45,2,3,2,232,Others
10576,28,15,11253.98,2,3,5,235,Others
10577,17,19,5775.43,3,5,3,353,Others
10578,104,14,2979.29,1,2,1,121,Others
10579,7,11,4813.16,4,1,2,412,Potential Loyalists
10580,29,19,9693.97,2,5,5,255,Others
10581,9,12,3377.19,4,1,1,411,Potential Loyalists
10582,9,15,8379.53,4,3,4,434,Others
10583,67,16,9418.65,1,3,5,135,Others
10584,20,14,15634.61,3,2,5,325,Others
10585,4,18,8077.7,5,4,4,544,Champions
10586,31,13,6894.31,2,2,3,223,Others
10587,30,16,4142.99,2,3,2,232,Others
10588,53,16,8566.65,1,3,4,134,Others
10589,28,16,6646.94,2,3,3,233,Others
10590,3,14,6871.02,5,2,3,523,New Customers
10591,6,21,11384.77,5,5,5,555,Champions
10592,10,14,3214.89,4,2,1,421,Potential Loyalists
10593,22,12,7446.3,3,1,4,314,Others
10594,3,11,3656.54,5,1,1,511,Potential Loyalists
10595,27,18,4535.49,2,4,2,242,Others
10596,5,17,4659.49,5,4,2,542,New Customers
10597,34,15,5258.77,2,3,2,232,Others
10598,68,13,4576.29,1,2,2,122,Others
10599,6,7,1550.37,5,1,1,511,Potential Loyalists
10600,5,7,824.27,5,1,1,511,Potential Loyalists
10601,5,22,14803.2,5,5,5,555,Champions
10602,4,21,7514.48,5,5,4,554,Champions
10603,12,18,8271.36,4,4,4,444,Loyal Customers
10604,3,21,9128.37,5,5,4,554,Champions
10605,33,11,9592.21,2,1,5,215,At Risk
10606,23,15,6179.24,2,3,3,233,Others
10607,25,17,4303.82,2,4,2,242,Others
10608,6,12,7204.28,5,1,4,514,Others
10609,26,12,2124.35,2,1,1,211,Others
10610,25,9,4638.39,2,1,2,212,Others
10611,32,9,1236.18,2,1,1,211,Others
10612,14,22,7037.07,3,5,3,353,Others
10613,5,13,7549.27,5,2,4,524,Others
10614,4,14,9495.31,5,2,5,525,Others
10615,22,17,4066.15,2,4,2,242,Others
10616,14,15,2254.82,3,3,1,331,Others
10617,41,13,5280.61,1,2,2,122,Others
10618,85,13,10901.83,1,2,5,125,Others
10619,1,16,8829.79,5,3,4,534,Others
10620,35,20,11403.97,2,5,5,255,Others
10621,1,15,7241.86,5,3,4,534,Others
10622,49,12,7236.77,1,1,4,114,At Risk
10623,113,7,3549.57,1,1,1,111,Others
10624,19,9,2645.45,3,1,1,311,Potential Loyalists
10625,8,18,3594.85,4,4,1,441,Others
10626,17,19,4250.67,3,5,2,352,Others
10627,31,16,9240.12,2,3,4,234,Others
10628,16,17,4378.99,3,4,2,342,Others
10629,9,22,7480.31,4,5,4,454,Champions
10630,14,16,4046.97,3,3,2,332,Others
10631,53,14,3391.98,1,2,1,121,Others
10632,5,16,6973.15,5,3,3,533,New Customers
10633,15,11,2383.28,3,1,1,311,Potential Loyalists
10634,30,13,7152.0,2,2,3,223,Others
10635,1,14,5493.37,5,2,3,523,New Customers
10636,35,10,8061.52,2,1,4,214,At Risk
10637,2,18,9468.41,5,4,5,545,Champions
10638,2,9,7721.55,5,1,4,514,Others
10639,6,11,3720.98,5,1,1,511,Potential Loyalists
10640,40,14,4501.05,1,2,2,122,Others
10641,133,9,1475.55,1,1,1,111,Others
10642,18,12,5803.82,3,1,3,313,Others
10643,5,14,5016.3,5,2,2,522,New Customers
10644,46,17,6494.81,1,4,3,143,Others
10645,8,21,9529.11,4,5,5,455,Champions
10646,2,31,16131.88,5,5,5,555,Champions
10647,11,20,4198.56,4,5,2,452,Others
10648,68,13,3738.84,1,2,1,121,Others
10649,7,15,7094.12,4,3,3,433,Others
10650,14,12,8105.16,3,1,4,314,Others
10651,25,12,4868.23,2,1,2,212,Others
10652,10,12,5510.45,4,1,3,413,Others
10653,2,11,3693.03,5,1,1,511,Potential Loyalists
10654,27,18,4425.05,2,4,2,242,Others
10655,8,19,8830.88,4,5,4,454,Champions
10656,10,24,10000.15,4,5,5,455,Champions
10657,34,10,8466.43,2,1,4,214,At Risk
10658,2,16,17317.21,5,3,5,535,Others
10659,7,14,6150.66,4,2,3,423,Others
10660,1,18,2836.5,5,4,1,541,Others
10661,43,12,4559.74,1,1,2,112,Others
10662,34,15,7028.71,2,3,3,233,Others
10663,21,14,6479.79,3,2,3,323,Others
10664,40,21,13056.52,1,5,5,155,At Risk
10665,53,11,3060.2,1,1,1,111,Others
10666,46,13,5752.47,1,2,3,123,Others
10667,14,15,6033.77,3,3,3,333,Others
10668,15,13,3667.54,3,2,1,321,Others
10669,50,12,2010.42,1,1,1,111,Others
10670,9,15,6738.03,4,3,3,433,Others
10671,2,17,8797.73,5,4,4,544,Champions
10672,12,18,5683.54,4,4,3,443,Others
10673,72,12,6513.73,1,1,3,113,Others
10674,58,14,3861.55,1,2,1,121,Others
10675,27,15,3383.18,2,3,1,231,Others
10676,12,14,6247.53,4,2,3,423,Others
10677,9,11,5318.01,4,1,2,412,Potential Loyalists
10678,5,15,5034.31,5,3,2,532,New Customers
10679,1,16,4162.44,5,3,2,532,New Customers
10680,7,14,2432.07,4,2,1,421,Potential Loyalists
10681,11,18,6616.88,4,4,3,443,Others
10682,1,24,11165.74,5,5,5,555,Champions
10683,10,18,5721.89,4,4,3,443,Others
10684,53,13,3464.03,1,2,1,121,Others
10685,50,9,3096.96,1,1,1,111,Others
10686,10,15,3974.55,4,3,2,432,Others
10687,2,14,3352.53,5,2,1,521,New Customers
10688,26,14,4830.0,2,2,2,222,Others
10689,3,9,3817.74,5,1,1,511,Potential Loyalists
10690,42,16,3906.86,1,3,2,132,Others
10691,53,14,9478.93,1,2,5,125,Others
10692,5,11,6694.08,5,1,3,513,Others
10693,59,9,2725.23,1,1,1,111,Others
10694,27,14,5444.53,2,2,3,223,Others
10695,12,17,8384.09,4,4,4,444,Loyal Customers
10696,16,17,6230.77,3,4,3,343,Others
10697,25,16,3464.73,2,3,1,231,Others
10698,29,13,6744.35,2,2,3,223,Others
10699,15,8,3856.54,3,1,1,311,Potential Loyalists
10700,50,16,3323.36,1,3,1,131,Others
10701,50,12,5544.1,1,1,3,113,Others
10702,1,15,6348.55,5,3,3,533,New Customers
10703,45,17,3374.37,1,4,1,141,Others
10704,3,13,3404.67,5,2,1,521,New Customers
10705,38,11,5935.87,2,1,3,213,Others
10706,7,17,4885.32,4,4,2,442,Others
10707,65,17,10273.25,1,4,5,145,Others
10708,39,19,10610.46,1,5,5,155,At Risk
10709,26,16,4401.54,2,3,2,232,Others
10710,25,19,8252.22,2,5,4,254,Cannot Lose Them
10711,5,21,9168.22,5,5,4,554,Champions
10712,8,21,7737.46,4,5,4,454,Champions
10713,5,12,7376.23,5,1,4,514,Others
10714,1,20,14601.77,5,5,5,555,Champions
10715,17,12,4160.3,3,1,2,312,Others
10716,18,15,8660.7,3,3,4,334,Others
10717,8,13,4593.62,4,2,2,422,Potential Loyalists
10718,3,12,11153.44,5,1,5,515,Others
10719,38,18,6712.81,1,4,3,143,Others
10720,60,13,6147.74,1,2,3,123,Others
10721,17,17,6313.21,3,4,3,343,Others
10722,2,12,6822.03,5,1,3,513,Others
10723,7,15,6258.94,4,3,3,433,Others
10724,13,9,4344.34,3,1,2,312,Others
10725,12,15,6846.24,4,3,3,433,Others
10726,7,16,13366.0,4,3,5,435,Loyal Customers
10727,1,16,4545.64,5,3,2,532,New Customers
10728,2,18,14623.23,5,4,5,545,Champions
10729,26,24,17502.7,2,5,5,255,Others
10730,81,9,4056.1,1,1,2,112,Others
10731,11,21,6378.19,4,5,3,453,Others
10732,37,13,3179.52,2,2,1,221,Others
10733,1,19,7911.41,5,5,4,554,Champions
10734,4,13,5569.54,5,2,3,523,New Customers
10735,21,14,8833.29,3,2,4,324,Others
10736,11,17,8310.99,4,4,4,444,Loyal Customers
10737,2,14,4263.53,5,2,2,522,New Customers
10738,10,13,6232.27,4,2,3,423,Others
10739,27,19,6848.83,2,5,3,253,Others
10740,18,14,13493.14,3,2,5,325,Others
10741,1,13,10718.53,5,2,5,525,Others
10742,22,14,3013.98,2,2,1,221,Others
10743,37,12,7013.76,2,1,3,213,Others
10744,1,12,6615.69,5,1,3,513,Others
10745,19,13,7311.79,3,2,4,324,Others
10746,10,11,1976.93,4,1,1,411,Potential Loyalists
10747,26,17,15519.56,2,4,5,245,Cannot Lose Them
10748,20,15,8970.14,3,3,4,334,Others
10749,11,19,6813.71,4,5,3,453,Others
10750,5,24,13642.77,5,5,5,555,Champions
10751,38,15,5915.12,1,3,3,133,Others
10752,22,13,7920.59,2,2,4,224,Others
10753,67,16,13490.68,1,3,5,135,Others
10754,7,16,6261.72,4,3,3,433,Others
10755,7,22,5891.58,4,5,3,453,Others
10756,13,20,6141.6,3,5,3,353,Others
10757,6,12,9088.7,5,1,4,514,Others
10758,52,15,7729.61,1,3,4,134,Others
10759,5,19,8465.73,5,5,4,554,Champions
10760,3,15,13984.06,5,3,5,535,Others
10761,46,14,5979.42,1,2,3,123,Others
10762,9,18,10463.6,4,4,5,445,Champions
10763,8,17,3528.17,4,4,1,441,Others
10764,10,14,5080.04,4,2,2,422,Potential Loyalists
10765,14,21,17031.84,3,5,5,355,Loyal Customers
10766,3,18,5745.5,5,4,3,543,Loyal Customers
10767,13,17,9411.04,3,4,5,345,Loyal Customers
10768,55,13,2602.44,1,2,1,121,Others
10769,55,11,6190.96,1,1,3,113,Others
10770,45,9,1832.55,1,1,1,111,Others
10771,1,16,10445.72,5,3,5,535,Others
10772,17,13,8253.05,3,2,4,324,Others
10773,54,15,9213.13,1,3,4,134,Others
10774,5,14,11942.15,5,2,5,525,Others
10775,31,12,5332.02,2,1,2,212,Others
10776,7,11,5048.16,4,1,2,412,Potential Loyalists
10777,33,13,10579.56,2,2,5,225,Others
10778,35,19,10997.69,2,5,5,255,Others
10779,16,19,4348.33,3,5,2,352,Others
10780,7,16,6995.49,4,3,3,433,Others
10781,9,15,3886.0,4,3,2,432,Others
10782,12,13,5155.5,4,2,2,422,Potential Loyalists
10783,56,13,7735.14,1,2,4,124,Others
10784,10,19,4262.5,4,5,2,452,Others
10785,17,14,2772.8,3,2,1,321,Others
10786,16,15,6274.76,3,3,3,333,Others
10787,5,13,7951.56,5,2,4,524,Others
10788,60,13,10523.68,1,2,5,125,Others
10789,34,12,10273.49,2,1,5,215,At Risk
10790,17,11,6414.83,3,1,3,313,Others
10791,1,16,7557.0,5,3,4,534,Others
10792,3,13,3981.65,5,2,2,522,New Customers
10793,6,18,5134.55,5,4,2,542,New Customers
10794,19,17,8498.74,3,4,4,344,Loyal Customers
10795,46,20,4945.6,1,5,2,152,Others
10796,6,22,7721.52,4,5,4,454,Champions
10797,6,11,2465.86,4,1,1,411,Potential Loyalists
10798,10,21,8067.11,4,5,4,454,Champions
10799,39,14,2418.65,1,2,1,121,Others
10800,56,11,1203.52,1,1,1,111,Others
10801,45,16,9226.54,1,3,4,134,Others
10802,10,14,3375.0,4,2,1,421,Potential Loyalists
10803,2,12,4819.01,5,1,2,512,Potential Loyalists
10804,33,10,9512.02,2,1,5,215,At Risk
10805,36,13,2653.78,2,2,1,221,Others
10806,42,14,6687.3,1,2,3,123,Others
10807,1,17,4622.0,5,4,2,542,New Customers
10808,35,12,2720.84,2,1,1,211,Others
10809,15,15,11655.39,3,3,5,335,Loyal Customers
10810,14,20,10616.58,3,5,5,355,Loyal Customers
10811,23,14,2635.35,2,2,1,221,Others
10812,5,13,3315.55,5,2,1,521,New Customers
10813,10,15,5390.16,4,3,2,432,Others
10814,57,18,10536.35,1,4,5,145,Others
10815,15,14,3512.39,3,2,1,321,Others
10816,25,15,9348.71,2,3,5,235,Others
10817,25,16,8113.27,2,3,4,234,Others
10818,13,19,12646.61,3,5,5,355,Loyal Customers
10819,3,17,5001.89,5,4,2,542,New Customers
10820,28,17,10342.01,2,4,5,245,Cannot Lose Them
10821,1,19,5978.72,5,5,3,553,Others
10822,11,20,5497.05,4,5,3,453,Others
10823,63,14,5854.0,1,2,3,123,Others
10824,17,13,3910.96,3,2,2,322,Others
10825,32,16,4062.29,2,3,2,232,Others
10826,16,15,6784.23,3,3,3,333,Others
10827,10,14,11300.37,4,2,5,425,Others
10828,40,15,1859.23,1,3,1,131,Others
10829,12,17,6904.99,4,4,3,443,Others
10830,16,24,10988.53,3,5,5,355,Loyal Customers
10831,1,14,8668.55,5,2,4,524,Others
10832,1,13,6638.54,5,2,3,523,New Customers
10833,19,12,6259.13,3,1,3,313,Others
10834,3,20,10204.44,5,5,5,555,Champions
10835,40,16,9559.72,1,3,5,135,Others
10836,26,20,6813.74,2,5,3,253,Others
10837,20,13,7390.24,3,2,4,324,Others
10838,5,17,10751.11,5,4,5,545,Champions
10839,58,15,3695.1,1,3,1,131,Others
10840,24,14,6602.5,2,2,3,223,Others
10841,29,10,3938.11,2,1,2,212,Others
10842,39,17,9237.95,1,4,4,144,At Risk
10843,24,12,13953.91,2,1,5,215,At Risk
10844,38,11,3578.52,1,1,1,111,Others
10845,8,15,5886.92,4,3,3,433,Others
10846,75,12,3820.42,1,1,1,111,Others
10847,47,7,917.43,1,1,1,111,Others
10848,17,16,8105.77,3,3,4,334,Others
10849,41,16,11683.39,1,3,5,135,Others
10850,9,9,2924.15,4,1,1,411,Potential Loyalists
10851,14,18,7707.5,3,4,4,344,Loyal Customers
10852,7,14,6127.65,4,2,3,423,Others
10853,3,12,7425.94,5,1,4,514,Others
10854,10,15,5806.01,4,3,3,433,Others
10855,137,11,5529.25,1,1,3,113,Others
10856,9,15,2848.71,4,3,1,431,Others
10857,29,25,11292.99,2,5,5,255,Others
10858,17,17,7485.22,3,4,4,344,Loyal Customers
10859,2,15,7641.28,5,3,4,534,Others
10860,3,19,9453.77,5,5,5,555,Champions
10861,57,25,20622.57,1,5,5,155,At Risk
10862,3,8,689.39,5,1,1,511,Potential Loyalists
10863,1,27,14206.7,5,5,5,555,Champions
10864,13,14,9435.08,3,2,5,325,Others
10865,28,11,1342.04,2,1,1,211,Others
10866,37,19,5115.94,2,5,2,252,Others
10867,31,9,2752.01,2,1,1,211,Others
10868,44,17,7094.83,1,4,3,143,Others
10869,19,16,4848.96,3,3,2,332,Others
10870,7,13,4444.66,4,2,2,422,Potential Loyalists
10871,2,16,13796.34,5,3,5,535,Others
10872,3,18,6779.98,5,4,3,543,Loyal Customers
10873,44,8,1098.47,1,1,1,111,Others
10874,13,17,5623.46,3,4,3,343,Others
10875,16,17,4040.48,3,4,2,342,Others
10876,6,13,10729.25,4,2,5,425,Others
10877,31,11,5497.49,2,1,3,213,Others
10878,21,11,3062.88,3,1,1,311,Potential Loyalists
10879,53,16,7186.95,1,3,3,133,Others
10880,49,15,8921.74,1,3,4,134,Others
10881,26,9,4139.34,2,1,2,212,Others
10882,33,11,6051.15,2,1,3,213,Others
10883,12,23,17743.4,4,5,5,455,Champions
10884,49,14,5214.03,1,2,2,122,Others
10885,38,9,2666.93,1,1,1,111,Others
10886,57,9,4789.19,1,1,2,112,Others
10887,17,23,14802.22,3,5,5,355,Loyal Customers
10888,14,19,5103.22,3,5,2,352,Others
10889,1,12,1237.39,5,1,1,511,Potential Loyalists
10890,29,18,6367.2,2,4,3,243,Others
10891,34,9,3591.14,2,1,1,211,Others
10892,1,12,6668.2,5,1,3,513,Others
10893,40,12,6662.65,1,1,3,113,Others
10894,10,10,2708.65,4,1,1,411,Potential Loyalists
10895,62,11,5361.44,1,1,2,112,Others
10896,4,18,13385.57,5,4,5,545,Champions
10897,107,13,7328.92,1,2,4,124,Others
10898,10,18,10109.46,4,4,5,445,Champions
10899,14,22,4866.02,3,5,2,352,Others
10900,14,9,3088.76,3,1,1,311,Potential Loyalists
10901,25,18,7380.68,2,4,4,244,Others
10902,55,13,8518.35,1,2,4,124,Others
10903,62,11,4883.58,1,1,2,112,Others
10904,10,16,10578.49,4,3,5,435,Loyal Customers
10905,11,19,10353.27,4,5,5,455,Champions
10906,16,20,8538.82,3,5,4,354,Loyal Customers
10907,85,11,3442.3,1,1,1,111,Others
10908,9,19,16246.67,4,5,5,455,Champions
10909,16,18,10634.99,3,4,5,345,Loyal Customers
10910,13,12,12596.73,3,1,5,315,Others
10911,50,12,2491.16,1,1,1,111,Others
10912,49,14,12499.67,1,2,5,125,Others
10913,71,17,13977.38,1,4,5,145,Others
10914,37,10,9310.52,2,1,4,214,At Risk
10915,28,13,2689.14,2,2,1,221,Others
10916,31,18,7243.91,2,4,4,244,Others
10917,34,13,4148.13,2,2,2,222,Others
10918,1,20,6530.07,5,5,3,553,Others
10919,13,16,3375.47,3,3,1,331,Others
10920,26,22,4903.35,2,5,2,252,Others
10921,4,18,10858.71,5,4,5,545,Champions
10922,9,17,4073.49,4,4,2,442,Others
10923,24,14,12371.4,2,2,5,225,Others
10924,13,19,8994.34,3,5,4,354,Loyal Customers
10925,4,14,6366.46,5,2,3,523,New Customers
10926,1,19,10021.33,5,5,5,555,Champions
10927,11,12,1752.74,4,1,1,411,Potential Loyalists
10928,4,16,16690.09,5,3,5,535,Others
10929,74,18,8605.61,1,4,4,144,At Risk
10930,16,14,2600.77,3,2,1,321,Others
10931,58,12,6502.58,1,1,3,113,Others
10932,24,20,6689.16,2,5,3,253,Others
10933,7,22,4552.33,4,5,2,452,Others
10934,30,16,4692.36,2,3,2,232,Others
10935,23,17,15134.18,2,4,5,245,Cannot Lose Them
10936,28,18,4865.82,2,4,2,242,Others
10937,8,14,7169.89,4,2,3,423,Others
10938,16,14,7980.75,3,2,4,324,Others
10939,2,12,4054.43,5,1,2,512,Potential Loyalists
10940,2,11,4794.77,5,1,2,512,Potential Loyalists
10941,35,11,5209.7,2,1,2,212,Others
10942,19,16,6778.4,3,3,3,333,Others
10943,100,7,7258.59,1,1,4,114,At Risk
10944,12,19,4710.08,4,5,2,452,Others
10945,21,13,5154.63,3,2,2,322,Others
10946,7,17,7249.92,4,4,4,444,Loyal Customers
10947,16,16,8462.83,3,3,4,334,Others
10948,9,14,4756.18,4,2,2,422,Potential Loyalists
10949,36,17,8425.35,2,4,4,244,Others
10950,12,14,4139.59,4,2,2,422,Potential Loyalists
10951,68,9,5923.82,1,1,3,113,Others
10952,19,12,2448.85,3,1,1,311,Potential Loyalists
10953,29,13,3099.27,2,2,1,221,Others
10954,15,14,6885.38,3,2,3,323,Others
10955,28,17,14147.77,2,4,5,245,Cannot Lose Them
10956,8,16,5192.61,4,3,2,432,Others
10957,3,16,10031.19,5,3,5,535,Others
10958,5,17,4306.2,5,4,2,542,New Customers
10959,52,12,5510.58,1,1,3,113,Others
10960,9,10,6763.45,4,1,3,413,Others
10961,56,12,4433.81,1,1,2,112,Others
10962,9,17,8057.37,4,4,4,444,Loyal Customers
10963,20,16,4263.53,3,3,2,332,Others
10964,121,11,4517.45,1,1,2,112,Others
10965,23,21,8154.48,2,5,4,254,Cannot Lose Them
10966,3,19,10119.34,5,5,5,555,Champions
10967,1,9,3025.03,5,1,1,511,Potential Loyalists
10968,12,20,6911.76,4,5,3,453,Others
10969,41,16,10143.15,1,3,5,135,Others
10970,48,19,4312.86,1,5,2,152,Others
10971,2,17,12198.35,5,4,5,545,Champions
10972,8,18,13047.68,4,4,5,445,Champions
10973,72,10,5019.93,1,1,2,112,Others
10974,22,15,4543.87,2,3,2,232,Others
10975,53,15,6597.25,1,3,3,133,Others
10976,59,17,5955.54,1,4,3,143,Others
10977,14,6,4516.6,3,1,2,312,Others
10978,7,19,5330.37,4,5,2,452,Others
10979,17,16,2523.86,3,3,1,331,Others
10980,26,15,10535.62,2,3,5,235,Others
10981,18,16,2872.35,3,3,1,331,Others
10982,34,20,15897.83,2,5,5,255,Others
10983,11,15,7471.08,4,3,4,434,Others
10984,68,8,7281.06,1,1,4,114,At Risk
10985,11,21,12545.82,4,5,5,455,Champions
10986,3,19,10215.44,5,5,5,555,Champions
10987,12,19,9457.38,4,5,5,455,Champions
10988,27,16,6787.0,2,3,3,233,Others
10989,12,16,5540.4,4,3,3,433,Others
10990,12,13,8235.14,3,2,4,324,Others
10991,19,13,7100.25,3,2,3,323,Others
10992,5,23,9758.96,5,5,5,555,Champions
10993,1,14,5754.08,5,2,3,523,New Customers
10994,3,20,4866.92,5,5,2,552,Others
10995,53,15,6099.29,1,3,3,133,Others
10996,22,10,6171.78,2,1,3,213,Others
10997,43,12,7229.59,1,1,4,114,At Risk
10998,6,18,9336.71,4,4,4,444,Loyal Customers
10999,12,13,4821.27,3,2,2,322,Others
11000,26,11,3936.97,2,1,2,212,Others
